code,name,price,market_cap,roe,change_5d,change_20d,trend,ma20,ma60,score
sh.603355,莱克电气,31.73,181.93838263,24.81,2.5864856126737816,-6.179775280898876,上升,31.3345,29.222333333333335,100
sh.603737,三棵树,46.27,341.38814476,24.92,-0.28017241379309366,3.1201248049922126,上升,45.51049999999999,44.89666666666667,95
sh.603379,三美股份,60.72,370.68287127,22.33,1.2168694782463692,7.279151943462893,上升,58.895500000000006,56.18416666666667,95
sh.600961,株冶集团,16.1,172.73250518,28.31,-1.1056511056511038,5.228758169934645,上升,16.089000000000002,15.414333333333335,95
sz.002158,汉钟精机,25.03,133.84145199,21.8,-0.9105304829770405,6.059322033898304,上升,24.6205,24.152833333333334,95
sz.300724,捷佳伟创,95.6,332.96715774,27.98,-5.102243398848522,4.0827436037016875,上升,92.92449999999998,91.7791666666667,95
sh.688578,艾力斯,104.15,468.675,29.26,-2.362426174182053,6.134719249974534,上升,103.83099999999999,102.19216666666665,95
sh.688516,奥特维,45.26,142.66922012,31.64,-4.069520983467575,7.124260355029581,上升,44.839,43.01283333333335,95
sz.300415,伊之密,26.06,122.10727909,22.08,1.5984405458089674,4.869215291750492,上升,25.381,24.749166666666664,95
sh.603619,中曼石油,23.05,106.56901526,24.06,-0.3027681660899666,4.535147392290249,上升,22.485,22.10433333333333,95
sh.603271,永杰新材,41.08,80.812576,21.07,-2.1205623064093415,9.023354564755834,上升,41.0615,40.43183333333333,95
sz.002607,中公教育,2.74,168.98674326,28.66,1.8587360594795637,3.0075187969924837,上升,2.6955000000000005,2.673166666666667,95
sh.688605,先锋精科,64.26,130.04929547,24.97,-3.7303370786516776,6.0221085629434175,上升,62.767499999999984,62.365833333333335,95
sh.603091,众鑫股份,79.21,80.98334794,23.09,-1.8463444857497013,4.223684210526307,上升,78.86099999999999,75.80183333333335,95
sz.300638,广和通,29.64,266.54239616,20.17,6.618705035971223,5.819350232059975,上升,28.017000000000003,27.576333333333334,95
sh.603699,纽威股份,51.97,403.0409282,28.66,0.5028040997872714,7.843951027184066,上升,50.7325,49.63699999999999,95
sz.001389,广合科技,81.63,347.48870625,25.87,-0.9945421467556184,9.131016042780747,上升,79.87250000000002,74.23633333333333,95
sh.688208,道通科技,36.8,246.62750629,22.13,1.3774104683195594,8.554572271386427,上升,36.00049999999999,35.62050000000001,95
unknown.920116,星图测控,84.5,135.009875,31.93,-1.1117612638970191,-5.258437044511714,震荡,85.36600000000001,76.01483333333336,90
sh.603049,中策橡胶,55.95,489.27469208,24.01,-0.19621833749553946,-7.013461858068803,震荡,57.35200000000001,56.10950000000001,90
sh.688313,仕佳光子,88.78,401.273462,22.34,-0.6268188941123822,-9.222903885480568,震荡,94.73749999999998,81.92233333333334,90
sh.603613,国联股份,28.0,201.75058764,20.24,2.3765996343692817,-5.40540540540541,震荡,27.890499999999996,28.206833333333332,90
unknown.920982,锦波生物,233.7,268.90769958,58.41,-6.501300260052011,-7.518796992481204,震荡,249.5275,242.62399999999997,90
sh.688278,特宝生物,83.68,341.57295686,37.69,0.8435767654856626,-0.33349213911384823,上升,83.39450000000001,79.11233333333332,90
sh.603360,百傲化学,32.22,227.54526132,20.51,1.704545454545452,-5.235294117647062,震荡,31.326500000000003,31.353166666666667,90
sz.300972,万辰集团,201.07,379.80398222,54.26,-1.556915544675646,12.411248392687419,上升,194.0475,184.54066666666665,85
sz.301479,弘景光电,87.02,77.41763278,32.63,1.5402567094515671,6.433463796477483,震荡,85.708,87.38266666666667,85
sh.603855,华荣股份,19.35,65.3083785,23.25,-0.15479876160989467,0.4151530877010994,震荡,19.288000000000004,19.468666666666664,85
sh.603236,移远通信,95.41,274.61232407,16.69,2.162972480993678,6.567630961688814,上升,93.3415,92.27849999999998,85
sh.600132,重庆啤酒,52.24,252.82655384,76.69,-0.5141877737573719,0.2494722701976637,震荡,52.8245,52.49333333333332,85
sh.688692,达梦数据,261.27,295.862148,15.34,2.0187426786411398,1.523217408198935,上升,260.783,259.23333333333335,85
sh.688100,威胜信息,39.3,193.23227378,20.39,1.028277634961436,10.735418427726104,上升,37.525999999999996,36.535000000000004,85
sz.300192,科德教育,21.13,69.54798542,15.96,-2.1306160259379383,8.358974358974354,上升,20.730499999999996,19.73783333333334,85
sh.605016,百龙创园,21.6,90.72266112,15.42,-0.5524861878452921,8.980827447023215,上升,21.3185,20.664499999999997,85
sh.600211,西藏药业,42.55,137.1468179,28.78,1.7942583732057416,1.7455762792921972,震荡,42.001499999999986,43.81283333333334,85
sz.002895,川恒股份,36.66,222.77060599,16.19,-0.16339869281046374,3.7057991513436916,上升,36.096999999999994,35.01416666666666,85
sh.603505,金石资源,18.68,157.22373427,15.66,-1.1640211640211582,4.066852367688025,上升,18.572000000000003,18.44183333333334,85
sh.601882,海天精工,19.46,101.5812,21.05,-0.2562788313685326,2.2058823529411855,震荡,19.270000000000003,19.53533333333333,85
sh.605333,沪光股份,29.83,138.42325311,35.88,-2.0361247947454877,0.9475465313028684,震荡,29.7425,30.61916666666666,85
sz.002043,兔 宝 宝,14.41,119.56762057,19.31,0.9103641456582687,6.978470675575349,上升,14.131499999999999,13.482833333333334,85
sh.603665,康隆达,31.92,51.42664939,19.87,-0.5607476635514009,5.3465346534653495,上升,31.075999999999993,29.823833333333337,85
sh.603766,隆鑫通用,16.11,330.82559204,16.27,3.335471456061575,1.8331226295828011,上升,15.850000000000003,14.625333333333334,85
sz.300100,双林股份,39.62,226.61964083,20.45,1.433691756272389,6.362416107382543,震荡,38.001,38.43016666666666,85
sz.003006,百亚股份,21.84,93.83507734,20.83,3.213610586011341,9.63855421686746,震荡,21.192499999999995,21.736333333333334,85
sz.002801,微光股份,35.41,81.3126912,16.57,1.3161659513590664,6.656626506024077,上升,33.955000000000005,33.61466666666667,85
sz.002170,芭田股份,12.18,117.86220076,19.55,0.9950248756218841,2.6116259477674855,上升,11.983,11.8075,85
sh.603400,华之杰,52.29,52.29,23.19,-0.20992366412213634,0.2108087389804512,震荡,52.244499999999995,54.8215,85
sz.300002,神州泰岳,11.52,226.61842936,22.15,2.85714285714286,4.442429737080691,震荡,11.285,11.615333333333334,85
sh.688300,联瑞新材,62.09,149.92822007,17.81,-2.6039215686274453,7.347856154910096,上升,61.29749999999999,59.0965,85
sz.002707,众信旅游,7.19,70.65721087,15.24,0.8415147265077207,4.202898550724639,上升,7.106500000000001,7.062166666666667,85
sh.603605,珀莱雅,68.48,271.16436343,32.53,1.7835909631391242,1.0178492403009258,震荡,67.747,71.09099999999998,85
unknown.920100,三协电机,73.66,54.36793038,22.28,3.6005625879043635,13.813349814585903,上升,68.562,67.32549999999999,85
sz.002011,盾安环境,12.68,136.26906123,21.05,-0.39277297721917287,3.0056864337936573,震荡,12.632000000000001,13.058166666666667,85
sz.301613,新铝时代,51.7,74.3659247,21.2,5.769230769230769,8.819195958745537,震荡,48.8125,48.95566666666666,85
sh.603871,嘉友国际,13.95,190.83720779,23.94,0.5767844268204764,11.778846153846144,上升,13.747,13.616166666666667,85
sz.300533,冰川网络,34.73,81.42864218,33.05,2.0870076425631794,3.6407042673828673,震荡,34.214,35.645,85
sz.002052,同洲电子,12.75,95.93606099,83.82,-4.135338345864667,2.9055690072639178,震荡,12.565000000000001,13.525666666666666,85
sz.301345,涛涛车业,251.32,274.06212524,18.13,0.7900541407659911,5.601075675448541,上升,244.58199999999997,227.7621666666667,85
unknown.920978,开特股份,36.9,66.43050469,21.63,0.0,0.4081632653061186,震荡,36.37049999999999,37.27350000000001,85
sz.002290,禾盛新材,45.7,113.38733481,16.36,0.8830022075055314,6.850596212298339,上升,42.905499999999996,40.889666666666656,85
sz.301622,英思特,64.4,74.66013072,21.47,-0.26328016106549096,3.1720602371034987,震荡,63.57900000000001,69.64416666666666,85
sz.301590,优优绿能,177.3,74.56019594,28.64,-0.17453972186250902,3.696338753070547,震荡,175.0505,178.14666666666665,85
unknown.920599,同力股份,20.73,95.8814325,28.87,-0.3844305622296891,3.857715430861721,震荡,20.529000000000003,20.564666666666664,85
sz.002564,天沃科技,7.7,66.13564473,34.4,1.4492753623188448,4.761904761904769,震荡,7.4895,8.271333333333333,85
sh.600610,中毅达,9.93,106.37756828,50.17,-0.8982035928143698,1.950718685831617,震荡,9.8865,10.732999999999999,85
sh.688648,中邮科技,61.46,83.5856,36.45,4.204815191590376,18.35162719044868,上升,58.012,55.621666666666655,85
sh.688625,呈和科技,41.2,77.58823181,19.43,-1.7644253695755718,3.206412825651305,上升,39.863,38.6575,85
sh.601156,东航物流,18.41,292.26897786,16.1,1.8815716657443269,9.063981042654037,上升,17.9555,16.824666666666666,85
sz.000786,北新建材,24.97,425.04833969,15.01,1.4628199918732199,1.793721973094161,上升,24.797500000000003,24.550166666666666,85
sh.688019,安集科技,217.92,367.31343903,22.18,1.4100237330727354,10.451089711099835,上升,212.567,205.38366666666667,85
sz.002827,高争民爆,37.73,104.5294558,16.97,-1.5910276473656924,8.700662633246893,上升,37.6375,37.053000000000004,85
sz.301317,鑫磊股份,32.24,50.678056,31.64,-0.9828009828009836,0.09313877677740184,震荡,32.31250000000001,31.921666666666667,85
sh.688583,思看科技,93.19,82.37996,21.62,-1.2713211145248469,5.0028169014084485,震荡,93.89250000000001,90.11883333333334,85
sz.001207,联科科技,25.37,54.93288975,15.15,2.422285022204285,8.003405704555142,上升,24.567999999999998,23.336000000000002,85
sz.301600,慧翰股份,129.81,135.68195535,23.99,-2.545045045045035,3.682108626198082,震荡,133.1265,126.95650000000002,85
sz.301611,珂玛科技,85.73,373.7828,29.32,0.269005847953221,36.94888178913738,上升,77.512,61.62483333333334,85
sh.603568,伟明环保,25.38,434.03050137,22.24,1.5606242496998823,17.77262180974477,上升,24.220999999999997,23.124833333333342,85
sh.601038,一拖股份,14.17,159.22053547,15.45,-0.42164441321152846,2.681159420289849,上升,14.117,13.354166666666666,85
sz.000523,红棉股份,3.77,69.19716098,30.95,-3.5805626598465508,12.874251497005993,上升,3.694,3.4611666666666676,85
sz.300360,炬华科技,17.39,89.41714121,17.4,-1.69587337478802,9.371069182389938,上升,17.144,16.458833333333335,85
sz.300487,蓝晓科技,61.75,313.48350121,21.33,-0.3871592192289111,13.115955303169072,上升,60.86749999999999,56.775666666666666,85
sh.603262,技源集团,28.49,113.962849,20.52,0.9567682494684606,2.7777777777777763,震荡,28.0165,28.5595,85
sh.603103,横店影视,16.58,105.15036,25.6,5.136334812935947,1.1592434411226218,震荡,15.9325,16.1075,85
sz.301187,欧圣电气,26.91,68.60261158,17.03,5.446708463949845,8.333333333333334,上升,26.184999999999995,25.295,85
sh.601702,华峰铝业,20.47,204.39921382,24.2,-0.34079844206426624,11.250000000000004,上升,20.3915,18.542666666666666,85
sh.688708,佳驰科技,62.25,249.006225,25.46,1.5497553017944583,4.271356783919593,震荡,60.15400000000001,63.75233333333333,85
sz.301501,恒鑫生活,43.66,64.57314,23.54,-0.8853575482406371,1.1819235225955922,震荡,43.547999999999995,45.108333333333334,85
sh.600666,奥瑞德,3.36,92.44863244,29.55,3.06748466257669,2.12765957446808,震荡,3.2885000000000004,3.433500000000001,85
sh.603055,台华新材,9.44,84.04363031,15.47,4.772475027746944,5.005561735261393,上升,9.0745,9.007000000000001,85
sh.603418,友升股份,60.5,116.80640862,23.13,8.132260947274347,5.898827236128124,震荡,56.67999999999999,57.90333333333334,85
sh.688615,合合信息,227.58,318.612,26.62,5.797034075589233,16.659831863850727,上升,216.39900000000003,204.45783333333333,85
unknown.920068,天工股份,19.5,127.84200293,18.38,-0.4085801838610741,3.7234042553191453,上升,19.381499999999996,18.467000000000002,85
sz.001285,瑞立科密,58.31,105.06189909,17.2,4.704614832106311,9.133445629796,上升,54.7975,53.16116666666666,85
sz.301617,博苑股份,77.77,103.931828,23.29,6.826923076923077,2.3154848046309575,震荡,75.13700000000001,82.675,85
sz.301015,百洋医药,23.6,124.04728217,26.94,0.6825938566552906,2.2973558734287,震荡,23.306500000000003,23.870999999999995,85
sh.603283,赛腾股份,43.32,117.4725911,21.71,-1.343657481211561,5.452775073028242,震荡,43.153,44.666166666666676,85
sz.301031,中熔电气,112.19,110.30799031,18.92,-0.4966740576496694,4.3822106438407085,上升,110.28049999999999,108.6043333333333,85
sh.603194,中力股份,39.31,157.6331,25.55,4.436769394261429,7.316407316407315,震荡,37.491,38.143499999999996,85
sz.300628,亿联网络,35.65,451.58956122,30.68,-2.7019650655021885,2.324913892078057,震荡,36.2145,35.357,85
sh.600563,法拉电子,104.95,236.1375,21.13,-1.7781937295273669,2.3403217942467145,震荡,104.06199999999998,111.23633333333333,85
sz.002490,山东墨龙,6.5,51.860146,40.69,-0.3067484662576622,0.30864197530863535,震荡,6.499,7.173999999999999,85
sz.001337,四川黄金,27.86,117.012,23.06,-2.55334032878629,1.790281329923268,震荡,28.531500000000005,27.861499999999992,85
sh.601717,中创智领,24.55,438.31568282,18.34,0.45008183306055416,0.0,上升,24.392500000000005,23.873499999999996,85
sz.301042,安联锐视,88.0,61.35674776,19.62,10.69182389937107,4.277758028202393,上升,82.4265,71.82033333333332,85
sz.300492,华图山鼎,74.3,146.13402609,77.57,1.0609357997823736,5.032513429459998,震荡,74.74399999999999,69.69766666666668,85
sz.002553,南方精工,27.31,96.51617241,27.86,1.4487369985141048,4.3960244648317985,震荡,26.469,27.459499999999995,85
sh.603025,大豪科技,17.96,200.55119723,25.89,1.9875070982396448,4.297328687572602,震荡,17.551499999999997,17.805500000000002,85
sh.600598,北大荒,14.95,265.7631464,17.21,-0.3333333333333381,1.9086571233810454,上升,14.904,14.801,85
sh.603173,福斯达,42.82,68.512,19.54,-0.6496519721577753,5.028207014961975,上升,42.041500000000006,41.23833333333334,85
sh.600779,水井坊,38.46,187.49372995,28.06,-0.6714876033057801,3.4148964775477366,震荡,37.92050000000001,40.03616666666666,85
sz.300456,赛微电子,55.96,409.74646979,26.99,-0.5332385353714845,0.12524601896582624,震荡,60.107000000000006,42.19650000000001,85
sz.002612,朗姿股份,20.44,90.43583465,30.4,4.8205128205128265,6.40291514836023,震荡,19.627000000000002,19.706000000000003,85
sh.603112,华翔股份,17.37,93.82762679,15.77,-3.5535813436979486,-6.411637931034471,震荡,17.705499999999997,17.5495,80
sh.603444,吉比特,423.85,305.34620659,22.86,0.07791839818663604,-5.850862968968652,下降,441.0125,444.0323333333333,80
unknown.920029,开发科技,91.68,127.33129631,32.49,-0.05450779461462679,-3.2503165892781745,震荡,93.31750000000001,93.04866666666666,80
sh.600329,达仁堂,45.62,351.31704521,30.51,-1.4261019878997487,-0.6965607313887686,震荡,46.575,46.17933333333333,80
sz.300842,帝科股份,59.27,86.10730368,24.56,-2.64454664914586,-1.7244238103133795,震荡,61.367999999999995,61.17716666666667,80
sz.002690,美亚光电,20.57,181.47574979,24.31,-1.6730401529636778,-0.7239382239382172,震荡,20.788999999999998,20.392666666666663,80
sh.603129,春风动力,278.68,425.20343125,26.25,-0.7267027643203263,-4.397941680960547,震荡,283.77400000000006,263.60933333333327,80
sz.002032,苏 泊 尔,44.08,353.23937031,37.27,-0.8992805755395652,-6.1328790459965985,下降,46.12,47.79983333333333,80
sz.301557,常友科技,130.79,57.95026448,15.5,-8.538461538461544,-8.00450165295069,震荡,141.69599999999997,119.702,80
sh.600566,济川药业,26.3,242.27961338,18.18,-0.18975332068311465,-5.768541741311356,震荡,26.7425,26.410166666666665,80
sh.603298,杭叉集团,26.57,348.01706142,21.64,-0.037622272385244585,-0.037622272385244585,震荡,26.949,26.607000000000003,80
sz.300827,上能电气,34.22,172.59030564,21.45,-4.918032786885254,-0.696459663377835,震荡,35.95450000000001,35.536333333333324,80
sh.600285,羚锐制药,20.71,117.44961715,24.8,0.9259259259259321,-5.606198723792162,下降,21.033499999999997,22.0045,80
sh.603338,浙江鼎力,56.64,286.79543867,17.21,1.8705035971223007,-7.902439024390243,震荡,57.733500000000014,55.243,80
sz.301275,汉朔科技,53.42,225.64608,30.14,0.5458309806135877,-1.3298854820834851,震荡,53.1885,53.34550000000001,80
sh.688726,拉普拉斯,36.0,145.91742804,28.07,-3.407566407298103,-9.842223891810669,下降,37.598,41.77166666666666,80
sz.002251,步步高,5.31,142.76995349,48.58,-1.1173184357541992,-2.747252747252754,震荡,5.525999999999999,5.493333333333334,80
sz.300251,光线传媒,16.38,480.52178516,23.95,1.9290603609209627,-2.0920502092050297,震荡,16.198,16.463,80
sz.301662,宏工科技,120.28,96.224,22.73,1.699501141455995,-2.999999999999999,震荡,118.17850000000001,124.58733333333332,80
sz.002668,TCL智家,10.38,112.53076623,53.22,-3.531598513011143,-1.6113744075829377,震荡,10.6905,10.624,80
sh.603239,浙江仙通,20.51,55.524672,15.49,-0.6298449612403052,-6.857402361489546,震荡,20.6935,19.806499999999996,80
sz.301004,嘉益股份,52.05,75.89214688,46.64,0.7354364234565424,-2.235161532682203,震荡,51.721000000000004,54.93550000000002,80
sz.300910,瑞丰新材,56.55,167.35139971,22.93,-0.6500351370344423,-2.17955371043073,震荡,58.135000000000005,56.94516666666667,80
sz.002984,森麒麟,21.17,219.29706133,17.36,1.2918660287081492,-5.152329749103936,震荡,21.5395,20.513666666666666,80
sz.002124,天邦食品,2.74,60.880987,49.51,-1.0830324909747222,-5.190311418685118,下降,2.803,2.8175000000000003,80
sz.301556,托普云农,98.04,83.608512,17.95,-1.4673366834170791,-1.1394574972269793,上升,97.87449999999998,97.41166666666665,80
sz.301491,汉桑科技,56.08,72.3432,27.1,0.9540954095409562,-1.1283497884344156,震荡,55.726,59.5495,80
sz.300856,科思股份,13.48,64.12262458,20.75,0.0,-9.893048128342247,下降,14.237500000000002,14.389833333333335,80
sz.300573,兴齐眼药,70.29,173.21531453,32.91,2.0618556701030952,-1.0557432432432432,震荡,68.9935,72.28516666666668,80
sh.688520,神州细胞,43.31,192.87489773,36.86,-1.4562002275312866,-7.909844779927703,下降,44.322,48.08950000000001,80
sz.301668,昊创瑞通,48.01,52.811,29.33,-1.4977431267952481,-9.534576973808182,下降,49.45450000000001,53.31083333333334,80
sz.000525,红太阳,5.46,71.15245634,27.65,-1.6216216216216193,-8.080808080808087,下降,5.630999999999999,5.987833333333333,80
sz.002605,姚记科技,23.3,97.31126543,16.18,0.0,1.3925152306353363,震荡,23.286,24.331166666666665,75
sz.002546,新联电子,6.99,58.30003181,15.12,-1.1315417256011324,3.097345132743362,震荡,6.968000000000001,7.0024999999999995,75
sh.603203,快克智能,36.61,92.8653353,15.17,-0.4622077215878241,21.26531964226564,上升,34.632999999999996,31.999166666666664,75
sz.000680,山推股份,11.97,179.56707066,16.94,3.8161318300086844,10.936051899907337,上升,11.3255,11.039999999999997,75
sz.002452,长高电新,8.23,51.0533306,10.67,0.0,4.441624365482241,上升,8.1595,8.111500000000001,75
sh.601113,华鼎股份,4.68,51.67432418,13.8,-2.702702702702701,7.834101382488476,上升,4.506000000000002,4.3365,75
sh.688697,纽威数控,15.38,70.33787384,19.83,0.8524590163934478,1.2508229098090933,震荡,15.207499999999996,15.64183333333333,75
sz.000532,华金资本,16.12,55.56698441,11.04,-1.7073170731707172,4.404145077720218,上升,15.9625,14.937833333333334,75
sz.300693,盛弘股份,38.28,119.73824104,26.39,-2.7932960893854784,0.5252100840336209,下降,39.1255,40.52883333333334,75
sz.002014,永新股份,11.92,73.00903043,19.18,-1.7312448474855797,1.5332197614991459,震荡,11.990999999999998,11.597833333333332,75
sz.002270,华明装备,25.04,224.41484792,18.74,-4.244741873804969,2.1623827009383825,震荡,25.454000000000004,25.231499999999997,75
sz.000893,亚钾国际,47.97,443.2673544,10.97,2.939914163090123,6.034482758620682,上升,46.809500000000014,44.14783333333333,75
sz.300144,宋城演艺,8.19,214.96131985,13.67,-0.2436053593179214,2.7603513174403984,上升,8.183000000000002,8.1085,75
sh.605118,力鼎光电,30.11,123.6569524,14.01,1.5171948752528635,5.279720279720272,上升,29.4195,28.41866666666666,75
sh.688617,惠泰医疗,243.27,343.0838002,30.35,-1.3903526550466065,4.609761341646957,下降,246.87050000000005,264.0585,75
sh.603596,伯特利,51.27,310.95809741,19.23,0.1562805235397644,12.557628979143812,上升,49.99849999999999,47.878833333333326,75
sh.601969,海南矿业,11.88,237.39189222,10.44,-3.7277147487844333,6.451612903225811,上升,11.3015,10.979333333333333,75
sz.301631,壹连科技,103.55,94.65979759,18.99,-2.024789478664018,0.641461755272618,震荡,104.934,99.76516666666666,75
sz.002991,甘源食品,56.91,53.04912942,21.58,-0.628601361969629,0.45895851721094094,下降,57.47150000000001,58.06566666666665,75
sh.605116,奥锐特,25.05,101.75190612,17.35,1.0080645161290323,13.297150610583452,上升,23.500500000000002,22.922333333333327,75
sz.000423,东阿阿胶,49.08,316.06382522,14.6,0.3680981595092019,1.4468788755684077,上升,48.937,48.28516666666667,75
sz.300879,大叶股份,29.85,60.41605165,16.84,2.4013722126929773,4.443666899930032,震荡,29.201999999999998,29.99583333333333,75
sh.688280,精进电动-UW,8.7,51.34928503,13.41,1.9929660023446654,8.34371108343711,上升,8.379,8.3115,75
unknown.920522,纳科诺尔,61.09,95.75901485,16.77,0.3779165297403943,4.588255435713075,震荡,59.015,59.844500000000004,75
sh.603088,宁波精达,10.33,51.89667689,22.39,-1.7126546146527093,2.9910269192422803,下降,10.334,10.83266666666667,75
sz.002006,精工科技,23.16,120.3841607,10.08,-0.6008583690987149,5.512528473804104,上升,21.9675,21.507333333333335,75
sz.002489,浙江永强,3.83,83.07332479,15.41,-3.28282828282828,0.5249343832021002,震荡,3.8965000000000005,3.8791666666666678,75
sz.002552,宝鼎科技,16.51,64.05637815,16.7,-3.1103286384976383,1.850709438618141,震荡,16.7,16.55183333333333,75
sz.002947,恒铭达,52.02,133.28009659,18.03,-1.1590347710431301,18.17355747387551,上升,49.38799999999999,46.936166666666665,75
sz.002121,科陆电子,7.7,127.88288498,37.41,-1.408450704225345,2.393617021276604,下降,7.7719999999999985,8.216333333333333,75
sz.002966,苏州银行,8.29,370.61788071,11.68,0.24183796856105896,2.345679012345673,上升,8.27,8.221499999999999,75
sh.600301,华锡有色,38.36,242.65288494,15.56,1.1070110701107057,5.095890410958902,震荡,38.568,35.01116666666667,75
sz.002906,华阳集团,30.58,160.52024274,10.48,-0.7787151200519208,4.83373328762426,上升,30.56000000000001,30.282666666666668,75
sz.002429,兆驰股份,7.42,335.89899304,10.47,-4.010349288486423,3.486750348675035,上升,7.267499999999998,6.644666666666668,75
sz.001376,百通能源,16.84,77.61556,18.17,-2.036067481093667,20.716845878136205,上升,16.014,13.952333333333335,75
sh.688093,世华科技,36.85,103.32105848,15.11,-0.24363833243095917,5.708548479632823,震荡,36.041,36.05783333333332,75
sz.002867,周大生,12.18,132.21072017,15.72,0.24691358024690832,2.267002518891684,震荡,12.127500000000001,12.757499999999997,75
sh.603040,新坐标,91.99,125.55429563,16.36,1.8151632540121758,12.829633263829257,上升,84.2465,78.66149999999998,75
sh.601137,博威合金,21.37,175.56784278,17.92,-1.2933025404156933,3.4866828087167194,震荡,21.166,21.63099999999999,75
sz.300401,花园生物,15.12,82.17263845,10.17,-1.7543859649122893,7.234042553191486,上升,15.068000000000001,14.287666666666665,75
sh.605488,福莱新材,34.35,96.25510937,10.48,1.6272189349112554,5.627306273062725,上升,32.6175,32.37733333333333,75
sz.300896,爱美客,141.72,428.83346885,28.01,0.489257604764942,1.6642754662840695,下降,141.99849999999998,150.3623333333333,75
sh.603611,诺力股份,24.45,62.9833934,16.56,0.16386726751331074,6.07375271149674,震荡,23.751,23.843166666666665,75
sh.600114,东睦股份,30.55,192.88765222,14.87,0.4934210526315859,1.562500000000008,上升,30.256999999999998,29.183999999999994,75
sz.300354,东华测试,45.5,62.93569146,17.21,2.3852385238523905,8.59188544152745,震荡,44.04600000000001,45.65200000000001,75
sz.301596,瑞迪智驱,78.62,60.66735886,16.01,3.7750791974656797,8.128180442855195,震荡,73.99449999999999,75.64216666666665,75
sh.688213,思特威-W,95.09,382.47591891,15.32,0.11581385554853593,4.425653415330552,震荡,93.186,96.98533333333334,75
sz.003000,劲仔食品,11.39,51.35684471,21.61,-0.8703220191470813,0.08787346221440936,下降,11.574000000000002,11.777666666666665,75
sz.301589,诺瓦星云,164.55,152.123184,17.38,-1.052315093205051,6.920077972709556,震荡,158.30400000000003,161.81949999999998,75
sh.603198,迎驾贡酒,39.56,316.48,27.91,-0.9514271407110553,1.6443987667009263,下降,39.7385,40.86166666666667,75
sh.601577,长沙银行,9.7,390.09071414,11.81,-0.9193054136874348,2.1052631578947296,上升,9.682,9.674666666666669,75
sh.605020,永和股份,26.89,137.3440298,15.36,-0.03717472118958368,4.671078240560527,震荡,26.426499999999997,26.493,75
sh.603179,新泉股份,73.88,376.89283055,17.99,7.5087310826542435,8.775029446407528,震荡,67.30400000000002,68.48583333333333,75
sh.600531,豫光金铅,11.75,142.08836702,15.67,-4.003267973856211,8.998144712430435,震荡,11.4225,11.702166666666665,75
sz.002833,弘亚数控,16.37,69.44676727,18.44,2.312500000000006,3.1505986137366215,震荡,15.9215,16.160500000000003,75
sz.000811,冰轮环境,18.52,183.80692282,10.96,-0.26925148088314865,6.131805157593125,上升,17.723499999999994,15.384833333333331,75
sz.301028,东亚机械,14.58,55.99444451,15.67,-2.213279678068411,0.5517241379310349,震荡,14.904999999999998,14.226166666666666,75
sh.605296,神农集团,29.32,153.86092736,15.08,1.629116117850949,6.193408185440061,震荡,28.375,28.982499999999998,75
sh.603979,金诚信,76.15,475.00853625,19.44,-0.19659239842724965,13.234200743494432,上升,74.44950000000001,67.82816666666668,75
sz.300228,富瑞特装,9.89,59.0853868,10.77,-3.7000973709834373,8.087431693989073,上升,9.728499999999997,8.740666666666666,75
sh.600885,宏发股份,30.4,470.46867115,18.28,-0.9771986970684062,2.66801756163458,震荡,30.544999999999998,29.921,75
sz.000683,博源化工,7.44,276.53226806,13.11,1.2244897959183776,7.982583454281578,上升,7.232000000000001,6.9830000000000005,75
sz.300008,天海防务,7.89,136.34149859,10.48,-2.4721878862793596,0.2541296060991051,上升,7.860499999999999,7.455833333333333,75
sh.688486,龙迅股份,74.31,99.07601302,10.22,0.8413624643778052,3.7414491134999404,上升,72.877,71.43800000000002,75
sh.603300,海南华铁,7.85,156.7542534,10.36,-4.15140415140415,8.575380359612714,上升,7.534499999999999,7.4818333333333324,75
sz.002372,伟星新材,10.43,166.04956215,18.11,-2.0657276995305223,1.6569200779727087,震荡,10.6125,10.472166666666665,75
sh.603369,今世缘,34.78,433.63705287,23.74,-0.7986309184255593,0.23054755043227174,下降,35.1545,37.14966666666667,75
sz.002970,锐明技术,48.5,87.6090905,18.8,-0.18522329697469314,1.6345347862531459,震荡,48.73899999999999,46.96583333333333,75
sz.000902,新洋丰,15.62,195.98935442,13.1,-0.44614404079031417,3.5809018567639197,上升,15.608000000000004,15.394833333333334,75
sz.002483,润邦股份,7.14,63.29384469,11.57,0.7052186177715067,2.2922636103151754,上升,7.073499999999998,6.962166666666667,75
sh.603067,振华股份,28.81,204.7700358,15.91,-3.2896945283652244,4.270720231632283,震荡,29.367999999999995,27.083499999999997,75
sz.300770,新媒股份,42.41,96.62634644,17.24,-0.39924847346172315,1.605174892189733,震荡,42.12149999999999,43.486666666666665,75
sz.002293,罗莱生活,10.27,85.6356228,10.18,3.1124497991967743,7.7649527806925525,上升,9.8825,9.600999999999997,75
sz.002884,凌霄泵业,17.69,63.27403584,19.68,-0.5061867266591668,0.9127210496292079,震荡,17.777,17.546333333333337,75
sz.301603,乔锋智能,75.7,91.41532,12.71,0.39787798408487685,4.126547455295736,上升,73.89850000000001,73.43199999999999,75
sh.600486,扬农化工,69.39,281.30628561,11.91,1.1958582470468242,5.9389312977099245,上升,67.58900000000001,66.14033333333333,75
sh.600710,苏美达,10.81,141.25961382,15.81,-0.9165902841429848,5.2580331061343815,震荡,10.732500000000002,10.74033333333333,75
sz.300893,松原安全,23.64,111.81749928,21.86,-2.111801242236017,3.6842105263157885,下降,24.113,24.398500000000006,75
sz.002223,鱼跃医疗,38.21,383.04643457,14.82,2.9919137466307264,8.705547652916081,上升,37.170500000000004,36.27516666666667,75
sz.000739,普洛药业,16.27,188.47876982,16.09,0.6184291898577481,1.1815920398010031,震荡,16.380499999999994,15.9255,75
sz.300863,卡倍亿,50.4,94.84062134,12.91,-0.09910802775025622,4.0247678018575765,上升,50.1785,49.29366666666667,75
sh.688188,柏楚电子,135.89,392.3550978,17.03,1.440728575694221,3.4800487359122703,震荡,133.70149999999998,135.287,75
sh.605183,确成股份,19.92,82.84392248,17.13,-0.20040080160320214,6.581059390048156,震荡,19.416500000000003,19.488333333333337,75
sz.301301,川宁生物,10.14,226.130619,18.95,-0.6856023506366334,3.048780487804885,震荡,10.076999999999998,10.625499999999999,75
sh.600331,宏达股份,12.79,337.86064,16.71,1.1067193675889233,19.198508853681254,上升,12.065999999999999,11.178666666666665,75
sz.002946,新乳业,18.53,159.48343309,19.09,-0.3763440860215069,12.575941676792224,上升,18.372999999999998,17.6165,75
sh.688200,华峰测控,190.2,257.78419395,10.41,0.7415254237288015,9.625360230547544,上升,183.88649999999998,182.13833333333335,75
sh.603158,腾龙股份,10.6,52.02163569,11.55,0.6647673314340009,9.16580844490215,上升,10.369499999999999,10.3235,75
sz.002698,博实股份,16.81,171.89258966,14.59,3.765432098765429,2.3751522533495555,上升,16.5845,16.081499999999995,75
sh.603486,科沃斯,80.68,467.07370565,18.2,0.9383210309020392,4.61618257261411,震荡,79.97050000000002,82.82516666666668,75
sh.603281,江瀚新材,27.75,103.60000019,12.4,-1.5957446808510614,1.0928961748633905,上升,27.617,27.1245,75
sz.000848,承德露露,8.5,86.70000629,20.55,0.1177856301531188,0.9501187648456066,下降,8.5975,8.724333333333334,75
sz.002299,圣农发展,16.54,205.61067865,10.62,0.6082725060827121,4.485154769425137,上升,16.326500000000003,16.27633333333333,75
sh.605305,中际联合,41.66,88.535832,15.91,-0.8095238095238176,1.0429299054086822,震荡,41.98299999999999,41.88433333333332,75
sz.300761,立华股份,20.75,173.73345051,18.04,1.1208576998050703,5.223123732251527,震荡,20.351999999999997,20.766499999999997,75
sh.600901,江苏金租,6.12,354.46222558,14.72,-0.3257328990227944,3.9049235993208904,上升,6.1129999999999995,6.090999999999999,75
sz.002008,大族激光,41.19,424.09364376,10.95,-2.1382751247327287,7.968545216251637,上升,39.895500000000006,38.981500000000004,75
sh.688018,乐鑫科技,170.0,284.143117,17.06,3.6395781259525686,5.042016806722687,震荡,164.446,165.93633333333335,75
sz.300835,龙磁科技,65.58,78.20253673,11.79,-1.9877447317291859,4.062202475404626,上升,64.85249999999999,61.25566666666666,75
sz.002997,瑞鹄模具,37.4,78.28617555,17.74,-0.3994673768308884,5.799151343705791,震荡,36.513999999999996,36.69383333333334,75
sz.002139,拓邦股份,13.78,171.81386135,10.44,1.3235294117647038,1.3235294117647038,上升,13.599999999999998,13.574833333333332,75
sz.300774,倍杰特,19.0,77.6650954,12.28,-3.455284552845527,4.798676227247661,上升,18.6245,17.618,75
sh.600873,梅花生物,10.13,284.06967915,19.73,-0.880626223091975,1.8090452261306684,震荡,10.128499999999999,10.518499999999998,75
sh.601126,四方股份,30.08,250.6215968,16.62,-3.2486330009649453,4.918032786885234,震荡,30.556500000000007,28.872833333333332,75
sz.301626,苏州天脉,186.3,215.51184,19.51,-3.105008581682009,12.772397094431007,上升,182.22400000000002,164.19816666666662,75
sz.301595,太力科技,49.05,53.11134,19.75,15.411764705882348,24.809160305343514,上升,42.05749999999999,39.577666666666666,75
sz.000887,中鼎股份,23.21,305.55727028,10.02,1.0008703220191488,5.74031890660593,上升,22.458999999999996,21.81233333333334,75
sz.000411,英特集团,12.75,67.34808608,11.87,5.985037406483796,8.788395904436856,上升,12.45,11.9495,75
sh.688789,宏华数科,81.57,147.03490648,13.88,3.0184389997473935,6.669282071400542,上升,78.979,78.559,75
sz.300010,豆神教育,7.24,149.62275651,10.83,-0.5494505494505499,9.03614457831326,上升,7.080500000000001,6.938833333333334,75
sz.300870,欧陆通,221.0,242.78518329,13.33,-5.109489051094893,9.950248756218906,上升,220.86700000000002,205.55966666666663,75
sz.300926,博俊科技,32.78,142.36870711,29.96,1.9595645412130718,10.333221137664086,震荡,31.340999999999998,31.48633333333333,75
sz.300711,广哈通信,23.22,57.85741471,10.12,0.5194805194805083,5.449591280653948,上升,22.525,22.01516666666667,75
sz.002588,史丹利,9.98,114.9588196,13.0,2.1494370522006228,7.081545064377684,上升,9.724499999999997,9.686333333333334,75
sz.300969,恒帅股份,123.7,138.544,17.99,-1.6067451479478172,26.728818768568797,上升,112.59349999999998,107.26916666666666,75
sh.688122,西部超导,74.58,484.51978186,12.22,2.052545155993432,5.862313697657907,上升,72.75550000000001,71.50816666666667,75
sz.002919,名臣健康,22.99,61.27434257,11.47,1.054945054945048,5.169258920402557,上升,22.136000000000003,20.941166666666664,75
sh.603132,金徽股份,14.67,143.4726,14.79,-1.0121457489878567,6.073752711496745,上升,14.490500000000003,14.07733333333333,75
sz.000928,中钢国际,6.61,94.83000945,10.31,-0.750750750750748,3.7676609105180567,上升,6.534000000000001,6.528833333333334,75
sz.300446,航天智造,25.34,214.22692213,16.2,0.39619651347068713,18.577445016378093,上升,24.2395,21.39666666666666,75
sz.000981,山子高科,4.16,415.89478894,34.0,13.661202185792348,32.907348242811516,震荡,3.5345,3.6048333333333327,75
sz.002315,焦点科技,45.76,145.16713365,18.37,5.171225005745806,6.816059757236214,震荡,43.46099999999999,44.42,75
sz.001221,悍高集团,57.91,231.645791,35.88,0.4509973980919306,3.207984316521114,下降,58.221000000000004,59.08733333333331,75
sh.603969,银龙股份,10.11,86.6774784,10.81,0.3972194637537154,3.4800409416581357,上升,9.813999999999998,9.725333333333332,75
sz.301592,六九一二,122.2,85.54,18.47,-0.9724473257698565,4.399829132849215,震荡,119.96999999999998,121.672,75
sz.000688,国城矿业,27.8,329.44882227,18.55,5.623100303951369,18.854211201368106,上升,26.151,22.62916666666666,75
sz.000700,模塑科技,14.38,132.01061294,17.31,13.855898653998416,27.708703374777983,上升,11.720999999999998,10.547666666666665,75
sz.002318,久立特材,28.95,282.89092344,19.85,6.00512632735262,19.037828947368414,上升,27.190000000000005,25.925500000000003,75
sz.300470,中密控股,37.6,78.19361311,14.91,0.8313220702601295,5.707056508293508,上升,36.9375,36.29283333333333,75
sz.002078,太阳纸业,15.75,440.13928124,11.38,-0.06345177664974484,4.651162790697669,上升,15.430499999999999,14.886999999999999,75
sh.603733,仙鹤股份,24.17,171.0568995,13.02,0.3320880033208877,7.517793594306054,上升,23.458999999999996,22.998166666666673,75
sh.603929,亚翔集成,95.5,203.7588,40.41,1.2081390419669358,17.78490379871732,震荡,95.834,67.06933333333333,75
sh.603556,海兴电力,36.4,177.00015788,14.74,4.868913857677896,9.4078749624286,上升,34.564,34.006666666666675,75
sh.688596,正帆科技,31.63,93.03363815,16.0,2.861788617886176,9.068965517241375,震荡,30.365999999999996,31.9215,75
sz.002928,华夏航空,11.05,141.24569128,16.89,0.913242009132433,11.503531786074678,上升,10.893500000000003,10.853499999999997,75
sh.688698,伟创电气,98.88,211.40027253,12.12,5.810593900481533,9.866666666666662,上升,87.657,83.639,75
sh.603515,欧普照明,18.28,135.96986331,13.51,1.2742382271468167,2.0658849804578505,上升,18.163999999999998,17.937166666666666,75
sh.603370,华新精科,47.29,82.733855,15.92,2.028047464940664,2.8490648107873042,震荡,46.332499999999996,47.50950000000001,75
sh.600872,中炬高新,17.55,136.62836951,18.24,2.034883720930241,3.8461538461538587,震荡,17.225500000000004,17.788,75
sh.603992,松霖科技,40.92,177.14364571,16.03,-3.490566037735842,34.871456822676336,上升,39.346999999999994,32.36016666666667,75
sz.002346,柘中股份,20.31,89.68396699,12.18,-0.4411764705882346,1.804511278195486,上升,19.187,18.265166666666666,75
sh.603100,川仪股份,23.0,118.02983048,18.59,0.8329679964927721,2.131438721136769,震荡,22.801,23.555833333333336,75
sz.002568,百润股份,21.81,228.68843985,16.57,1.4890646812470931,3.071833648393188,震荡,21.485500000000002,23.552499999999995,75
sz.001328,登康口腔,39.48,67.97421624,11.27,1.360718870346583,6.962882687618532,上升,38.435500000000005,37.61416666666667,75
sh.600298,安琪酵母,43.74,379.65378322,12.83,0.2980967667966121,8.941469489414704,上升,43.033500000000004,41.07366666666667,75
sz.000065,北方国际,12.46,133.4946799,11.71,0.7275666936135945,1.7142857142857213,上升,12.370500000000002,11.964000000000002,75
sh.603057,紫燕食品,20.34,84.10869675,17.05,2.313883299798797,18.739054290718045,上升,19.228999999999992,18.82266666666667,75
sz.300722,新余国科,35.52,98.3039017,13.1,0.8517887563884278,5.808757819481689,上升,34.1275,32.909,75
sz.002978,安宁股份,33.05,155.99268112,13.61,0.21224984839296632,9.00395778364115,上升,32.00299999999999,31.872833333333336,75
sz.300776,帝尔激光,62.14,170.26550273,16.25,1.073519843851665,4.753877275792314,震荡,60.05500000000001,62.96983333333333,75
sh.605090,九丰能源,43.1,302.56695564,19.79,-6.181976491075307,25.2178965717606,上升,40.074,35.65683333333333,75
sz.000603,盛达资源,30.96,213.61450952,11.96,-0.8327994875080014,2.9255319148936256,上升,30.518,26.607166666666664,75
unknown.920799,艾融软件,47.75,100.16997388,16.43,0.9087066779374465,1.8123667377398751,震荡,46.862,49.18766666666667,75
sh.603297,永新光学,105.3,116.8163451,11.22,2.9728143946802192,6.406628940986262,上升,103.048,100.4,75
sz.301383,天键股份,35.64,58.19056848,10.78,3.937007874015752,2.1788990825688015,上升,34.4645,34.4555,75
sh.603499,翔港科技,20.44,61.85029332,11.2,-2.5274201239866363,4.7667862634546365,上升,20.065000000000005,19.069333333333336,75
sz.300627,华测导航,34.91,274.54548765,17.74,4.2089552238805865,13.713355048859926,上升,33.07149999999999,32.232,75
sh.605599,菜百股份,16.37,127.32222586,18.73,1.8668326073428794,10.384356035064066,上升,15.895499999999998,15.152666666666669,75
sz.300532,今天国际,11.78,53.48459099,16.41,0.5977796754910205,1.8150388936905708,震荡,11.696000000000002,12.078000000000001,75
sh.603408,建霖家居,13.54,60.6013842,15.01,-5.512909979064905,1.5753938484621084,震荡,13.762000000000004,12.909166666666662,75
sh.600388,龙净环保,16.31,207.14455039,10.13,-1.2711864406779712,4.484304932735421,上升,16.241000000000003,16.082833333333333,75
sh.603730,岱美股份,8.76,188.21597566,17.35,6.439854191980551,12.59640102827763,上升,8.1905,7.855833333333332,75
sh.600550,保变电气,10.55,194.28125464,21.11,-4.003639672429476,13.197424892703866,震荡,10.653500000000001,9.947333333333331,75
sh.603786,科博达,78.1,315.4120827,15.6,2.225130890052341,8.306753570933289,震荡,74.68349999999998,75.69383333333334,75
sz.300547,川环科技,39.4,85.46103256,17.52,-0.9801457652676567,19.213313161875952,上升,38.104,36.47633333333335,75
sz.002117,东港股份,13.81,72.32586389,10.27,-2.1954674220963084,5.419847328244281,上升,13.466999999999999,12.4965,75
sh.603606,东方电缆,59.75,410.90993238,15.3,-3.7066881547139356,2.557500858221768,震荡,61.1375,61.10633333333333,75
sh.600862,中航高科,23.63,329.17750398,17.21,-2.797202797202796,11.252354048964222,上升,22.594499999999996,22.187000000000005,75
sz.002273,水晶光电,25.12,349.32681392,11.8,1.6592472683124244,4.232365145228214,上升,24.623,24.401666666666664,75
sh.600761,安徽合力,20.89,186.06571777,14.04,-3.287037037037041,4.189526184538653,上升,20.844,20.43433333333333,75
sh.605507,国邦医药,24.8,138.588228,10.76,4.070499370541345,6.804478897502161,上升,23.675500000000007,23.350500000000004,75
sz.003041,真爱美家,54.33,78.2352,15.95,16.71321160042965,26.2020905923345,上升,44.9615,40.9875,75
sz.300201,海伦哲,6.83,68.91767836,15.59,7.221350078492934,25.32110091743119,上升,6.067,5.830666666666665,75
sh.603027,千禾味业,9.83,131.046228,14.29,0.5112474437627885,7.54923413566739,上升,9.681000000000001,9.477000000000002,75
sh.600609,金杯汽车,4.63,60.40106124,30.57,-0.4301075268817303,0.0,下降,4.6754999999999995,4.7681666666666676,75
sh.605196,华通线缆,34.74,177.52236612,10.71,5.592705167173262,-4.429160935350755,上升,33.76950000000001,32.732166666666664,70
sz.300199,翰宇药业,17.9,158.10019914,22.34,-3.7116729424421804,-4.53333333333334,下降,18.427,19.445500000000003,70
sh.603529,爱玛科技,29.7,258.13100293,23.75,-0.6024096385542159,-0.2686366689053118,下降,29.9295,31.06933333333333,70
sz.300705,九典制药,14.98,74.9318307,23.27,-0.6631299734747986,-4.097311139564653,下降,15.301000000000002,16.093166666666665,70
sh.688401,路维光电,48.81,94.36618873,13.6,-1.1342920802106444,-8.165569143932261,震荡,50.54949999999999,49.02949999999999,70
sh.601020,华钰矿业,26.86,220.24251788,21.23,-2.0065669463699405,-0.07440476190476032,下降,27.0605,28.509833333333333,70
sz.301628,强达电路,88.75,66.8960225,17.5,-4.209390178089591,-1.770890979524067,震荡,91.55,88.69133333333333,70
sh.605555,德昌股份,18.3,88.58463432,14.31,2.693602693602696,-1.7713365539452404,上升,18.108000000000004,18.050833333333333,70
sh.689009,九号公司-WD,55.59,400.43454781,23.12,-0.035964754540543105,-3.254437869822481,下降,57.17649999999999,58.52333333333334,70
sh.601089,福元医药,24.0,115.2,14.09,-0.20790020790021085,-5.697445972495085,震荡,24.252499999999998,23.556166666666666,70
sh.603202,天有为,91.81,146.896,49.4,0.4156185059608393,-1.3750134278655077,下降,92.0025,93.43250000000002,70
sh.600593,大连圣亚,41.42,54.030319,38.28,1.8190757128810278,-4.164738546968989,下降,41.980999999999995,46.28933333333334,70
sz.301376,致欧科技,18.07,72.72614378,10.52,-2.5350593311758303,-5.044666316342621,震荡,18.910000000000004,18.697499999999998,70
sh.603109,神驰机电,25.79,53.86199204,12.04,1.0184097140618802,-6.013119533527704,震荡,25.720000000000006,26.96666666666666,70
sh.603530,神马电力,41.08,177.33602341,18.63,-1.9570405727923634,-0.31545741324921756,震荡,41.885000000000005,41.8825,70
sz.300570,太辰光,115.55,262.44509482,17.88,-3.110850243166198,-3.175800234623769,震荡,118.26150000000003,106.87066666666668,70
sh.600662,外服控股,5.02,114.62956023,23.42,-0.396825396825406,-2.5242718446602095,下降,5.071999999999999,5.259333333333332,70
sh.600867,通化东宝,8.17,160.01294913,17.77,-0.48721071863582116,-7.474518686296718,下降,8.380999999999998,8.726333333333335,70
unknown.920239,长虹能源,32.5,59.1741163,24.45,0.24676125848241298,-0.8239243210253375,下降,32.638,34.17549999999999,70
sz.000429,粤高速Ａ,11.78,246.29696164,15.52,-1.5873015873015979,-6.80379746835444,下降,11.986,12.078000000000001,70
sz.002572,索菲亚,13.61,131.07071902,19.29,-0.14673514306677438,-1.5907447577729619,震荡,13.6865,13.528666666666668,70
sz.000821,京山轻机,13.47,83.9012326,11.25,-3.3715925394547988,-0.07418397626112602,上升,13.1865,12.952833333333334,70
sz.300641,正丹股份,17.65,94.01842983,52.29,-0.7869589657110768,-2.9686641011544954,下降,17.8235,19.192333333333337,70
sz.301498,乖宝宠物,65.15,260.90805526,15.85,-1.8825301204819276,-6.3667720609370395,下降,67.78100000000002,71.55583333333333,70
sz.000921,海信家电,24.81,343.58405653,23.27,-1.664684898929852,-4.282407407407419,下降,25.420000000000005,25.851999999999997,70
sh.600897,厦门空港,17.2,71.712648,10.01,-3.9106145251396613,-8.704883227176225,震荡,17.7715,17.070833333333336,70
sh.688117,圣诺生物,37.79,59.47616109,12.94,-4.061944656004066,-7.4908200734394175,震荡,39.858999999999995,39.57883333333333,70
sz.300832,新产业,56.25,441.96681656,22.85,-2.529890833477735,-3.615490061686085,下降,58.04449999999999,60.41366666666667,70
sz.002487,大金重工,51.93,331.18323694,11.53,-1.4797951052931155,-9.859399409824682,震荡,53.982000000000006,51.03333333333333,70
sh.603650,彤程新材,44.14,271.95005884,15.13,-0.6974128233970804,-2.453038674033148,震荡,45.9275,42.85349999999998,70
sz.300529,健帆生物,19.67,157.08565759,26.43,-1.502253380070091,-0.30410542321337414,下降,19.832500000000003,20.350166666666663,70
sh.688411,海博思创,250.04,450.303267,23.38,-3.753031294507113,-4.473734479465142,下降,258.8495,282.1896666666667,70
sz.002262,恩华药业,24.13,245.10930248,16.79,-0.7404360345536805,-0.16549441456351963,震荡,24.804499999999997,24.732666666666667,70
sh.600121,郑州煤电,4.17,50.80778198,16.23,-2.112676056338025,-5.656108597285068,下降,4.2765,4.785833333333333,70
sz.300938,信测标准,32.6,79.37980945,14.93,-2.3659778376759486,-6.187050359712226,震荡,32.9215,31.206833333333332,70
sh.600976,健民集团,33.57,51.49591002,15.68,-3.64523536165328,-5.72872788542544,下降,34.97650000000001,37.417500000000004,70
sz.002891,中宠股份,51.76,157.54523499,16.8,-0.8998659774076181,-5.184099651950916,下降,53.142999999999994,55.30900000000001,70
sz.301109,军信股份,15.0,118.3651263,10.25,-1.3806706114398477,-7.178217821782179,震荡,15.302000000000001,14.992833333333333,70
sz.002847,盐津铺子,68.31,186.28798172,40.86,-1.9098219414129787,-1.6697855189290294,下降,70.025,71.23883333333335,70
sz.002517,恺英网络,21.87,467.24013528,27.05,-0.5004549590536825,-0.5004549590536825,下降,22.084,22.55283333333333,70
sz.301606,绿联科技,58.74,243.71802004,20.2,1.0667584308327678,-3.515111695137977,下降,59.572,61.87999999999999,70
sz.002739,万达电影,11.32,239.05334975,11.37,2.6291931097008248,-0.3521126760563305,上升,11.238499999999998,11.226333333333335,70
unknown.920037,广信科技,84.0,76.82884272,25.51,-1.1764705882352942,-3.592333295076318,下降,87.10849999999999,90.22999999999999,70
sh.605099,共创草坪,35.69,143.66013142,19.62,1.2195121951219505,-1.950549450549453,震荡,36.466499999999996,35.44533333333334,70
sh.601001,晋控煤业,13.15,220.09155,15.87,-3.0235988200589983,-9.310344827586205,下降,13.687999999999999,14.66733333333333,70
unknown.920015,锦华新材,47.7,64.66530016,28.19,-1.750772399588042,-4.619076184763038,下降,50.150999999999996,52.232499999999995,70
sz.000833,粤桂股份,19.46,156.08520021,11.9,4.1755888650963655,-4.84107579462102,上升,18.848,18.659166666666668,70
sz.301609,山大电力,41.44,67.497472,22.93,-0.5996641880546894,-2.9508196721311593,下降,42.013999999999996,45.688999999999986,70
sz.002264,新 华 都,8.83,63.55933779,15.08,-5.763073639274271,-4.849137931034475,震荡,9.256500000000003,8.399166666666668,70
sh.600750,江中药业,23.17,147.11867706,19.58,-1.7804154302670545,-4.845995893223818,震荡,24.028000000000002,22.636000000000006,70
sh.601369,陕鼓动力,10.01,172.51979665,11.83,-2.531645569620251,0.3006012024048032,震荡,10.1905,9.396999999999998,65
sz.003019,宸展光电,33.48,59.17947232,12.82,0.7826610475617038,8.104617371649978,震荡,32.983000000000004,33.54,65
sh.600866,星湖科技,6.95,115.47234681,12.38,1.6081871345029288,4.1979010494752655,震荡,6.8184999999999985,7.0255,65
sh.603662,柯力传感,72.0,202.19750496,10.02,7.849011384062305,11.783884489986033,上升,65.78349999999999,64.8005,65
sz.000830,鲁西化工,16.57,315.54566012,11.43,1.4075887392900883,16.199158485273497,上升,15.857,14.866666666666667,65
sz.002683,广东宏大,47.8,363.28107407,12.36,6.080781180648013,22.626988199076454,上升,42.791999999999994,40.668,65
sh.603885,吉祥航空,14.88,324.97998388,13.98,4.421052631578952,11.795642374154774,上升,14.0315,13.736666666666668,65
sz.000612,焦作万方,11.02,131.38037322,13.68,2.0370370370370265,13.960703205791102,上升,10.3975,10.120333333333333,65
sz.002701,奥瑞金,5.95,152.30574791,11.38,-1.8151815181518058,3.8394415357766096,震荡,6.0405,5.975999999999999,65
sh.603345,安井食品,79.28,264.23146529,11.48,-0.8008008008008015,1.5108834827144775,震荡,80.64149999999998,78.171,65
sz.002536,飞龙股份,29.7,170.71140874,10.04,-4.440154440154438,23.338870431893692,上升,29.508000000000003,24.789333333333335,65
sz.300855,图南股份,32.3,127.7566745,14.13,-2.1212121212121295,16.312567518905286,上升,31.212999999999994,28.914499999999997,65
sz.300797,钢研纳克,16.95,64.8724316,12.94,1.1336515513126355,3.164942178940959,震荡,16.592999999999996,16.726166666666668,65
sh.688155,先惠技术,60.45,76.43056684,13.31,0.2155172413793146,1.5624999999999996,震荡,59.2615,60.87666666666666,65
sh.600729,重庆百货,26.0,114.51780002,18.62,-1.328273244781789,1.0493587252234728,下降,26.506999999999998,27.08616666666667,65
sz.002017,东信和平,22.3,129.43631571,11.14,0.4052228725799183,7.885824866956936,震荡,21.440000000000005,22.53216666666667,65
sh.601665,齐鲁银行,5.74,353.23056094,12.52,2.50000000000001,1.234567901234573,震荡,5.636,5.919833333333333,65
sz.003039,顺控发展,15.93,98.37073369,10.11,8.588957055214722,10.701876302988179,上升,14.5995,14.156166666666666,65
sz.001203,大中矿业,30.65,469.88915333,12.47,-0.26033192320208864,13.099630996309951,上升,29.6195,25.4015,65
sh.601965,中国汽研,16.6,166.50711124,13.44,-1.4251781472683993,1.5290519877675839,震荡,17.049500000000005,17.009666666666664,65
sh.600338,西藏珠峰,15.04,137.49720927,10.87,-1.8917155903457334,9.064539521392314,震荡,14.331,14.342833333333333,65
sz.300428,立中集团,23.35,160.08329263,10.15,-0.1710132535271447,5.275022542831388,震荡,22.8755,22.954,65
sh.688510,航亚科技,26.9,69.81158155,11.64,2.0872865275142205,11.43330571665285,上升,25.6655,24.383666666666674,65
sh.603344,星德胜,37.36,72.67677413,11.43,15.952824332712604,34.67916366258111,上升,31.835,28.224499999999995,65
sh.688376,美埃科技,57.82,78.18770211,11.22,-3.067896060352051,19.710144927536238,上升,57.71149999999999,49.82383333333334,65
sz.301538,骏鼎达,80.18,62.86112,14.42,4.5644235785080856,4.29240374609783,震荡,75.81350000000002,76.76966666666667,65
sz.000048,京基智农,17.6,93.329676,17.36,8.174554394591285,31.93403298350826,震荡,14.736500000000001,15.319666666666668,65
sh.600428,中远海特,7.1,194.81834805,12.74,-2.0689655172413843,1.4285714285714235,震荡,7.182499999999999,7.145166666666667,65
sz.002796,世嘉科技,27.73,69.98135468,10.47,-5.131713992473486,35.59902200488998,上升,25.692,21.38266666666667,65
sh.688612,威迈斯,32.97,138.20631591,12.55,0.36529680365296024,3.7771482530689307,震荡,32.1905,33.883833333333335,65
sz.000913,钱江摩托,15.42,81.2007177,14.62,-1.9707565162110647,0.2600780234070166,震荡,15.355500000000001,15.791833333333331,65
sz.000737,北方铜业,15.39,293.13585935,11.96,1.2500000000000084,6.431535269709541,震荡,14.761499999999998,14.910333333333336,65
sh.603358,华达科技,50.5,237.22025338,10.5,2.1440129449838237,18.823529411764707,上升,46.376,44.758,65
sh.603156,养元饮品,28.75,362.32980023,16.35,9.98469778117827,11.046736191579758,震荡,26.4735,27.459833333333336,65
sz.301127,武汉天源,15.19,102.39050312,12.05,-5.0625000000000036,0.9973404255319174,震荡,15.388500000000002,14.511833333333334,65
sh.603919,金徽酒,20.42,103.58249139,11.7,-1.209482341557813,3.3924050632911475,震荡,20.238,20.274500000000003,65
sz.002409,雅克科技,74.1,352.6624094,10.6,1.6321492250720036,5.826906598114822,震荡,72.8975,73.97333333333336,65
sh.605167,利柏特,16.43,73.782201,13.98,17.52503576537911,57.980769230769226,上升,13.193000000000001,11.506333333333336,65
sh.688721,龙图光罩,46.53,62.11755,11.68,-1.126221844453891,3.1707317073170724,震荡,46.9885,45.955666666666666,65
sz.001301,尚太科技,85.81,223.79449654,14.05,1.202972048590631,1.9121140142517807,震荡,84.1725,87.85833333333333,65
sh.603279,景津装备,16.87,97.2341251,18.82,2.7405602923264265,10.333551340745597,震荡,15.734,15.754833333333334,65
sz.002557,洽洽食品,21.62,109.36588775,15.13,-1.3686131386861347,2.3189777567439753,下降,21.824,21.9135,65
sz.000997,新 大 陆,28.32,286.90932953,14.92,4.27098674521355,10.323334631865984,上升,26.6145,26.305833333333332,65
sz.301535,浙江华远,21.9,93.13941184,13.34,3.546099290780142,15.323854660347552,上升,20.6435,19.685166666666667,65
sh.605286,同力天启,40.61,68.2248,13.0,2.5246149962130775,5.1255500906031495,震荡,38.527,40.38333333333333,65
sz.300054,鼎龙股份,37.6,356.14515945,10.8,-0.29169981437284387,4.939994418085412,震荡,37.922,35.782666666666664,65
sh.603219,富佳股份,16.84,94.53976,11.49,4.079110012360941,5.911949685534588,震荡,16.0675,16.4955,65
sz.002206,海 利 得,5.85,67.98912237,10.84,-1.0152284263959475,5.595667870036094,震荡,5.7685,5.834333333333333,65
sh.603050,科林电气,18.02,72.67811858,12.38,2.619589977220962,1.122334455667785,震荡,17.668,18.12933333333333,65
sh.688002,睿创微纳,100.8,463.91961874,11.99,7.46268656716418,17.12758540553102,上升,92.24350000000001,83.87966666666665,65
sh.688102,斯瑞新材,38.74,299.66868512,10.44,-3.6078626524010846,32.218430034129696,上升,36.855999999999995,26.427166666666665,65
sh.688386,泛亚微透,87.6,79.716,13.9,6.543420092434925,26.882966396291984,上升,77.29199999999999,74.72083333333333,65
sz.300445,康斯特,26.06,55.35926139,10.94,2.115987460815044,22.118088097469535,上升,25.202999999999996,21.851833333333335,65
sh.688029,南微医学,81.56,153.20835738,14.85,-1.330752480038706,7.315789473684213,震荡,81.54499999999999,81.84766666666668,65
sz.300952,恒辉安防,40.87,70.53622066,10.03,6.738051710629403,19.923708920187792,上升,35.635000000000005,33.17883333333332,65
sz.002367,康力电梯,8.06,64.29828375,10.3,8.333333333333334,13.043478260869573,上升,7.4719999999999995,7.299833333333333,65
sz.301160,翔楼新材,71.89,80.60329805,13.19,8.75945537065054,10.702186633815835,上升,65.668,62.469,65
sz.301608,博实结,90.54,80.571546,12.13,5.771028037383192,8.782890784572873,震荡,86.024,86.49916666666668,65
sh.603757,大元泵业,44.39,82.80832827,15.35,-3.9177489177489226,19.649595687331534,震荡,44.865,41.030166666666666,65
sz.301571,国科天成,57.68,103.49286373,11.82,9.470487758587971,16.997971602434085,上升,52.156499999999994,48.37566666666667,65
sz.301101,明月镜片,41.43,83.48646303,10.99,6.1763198359815386,3.368263473053896,震荡,39.482499999999995,40.58099999999999,65
sh.688099,晶晨股份,87.23,367.38276422,13.87,0.8439306358381549,1.904205607476647,震荡,86.893,89.00633333333332,65
sz.301630,同宇新材,170.2,68.08,19.87,-2.1670402943036216,0.22376634083146593,下降,171.4765,177.89933333333332,65
sh.600861,北京人力,18.34,103.82507248,14.68,2.918069584736249,0.6586169045005543,震荡,18.101999999999997,18.477999999999998,65
sh.601975,招商南油,3.02,141.34640928,19.49,-0.9836065573770428,0.33222591362127013,下降,3.0355,3.1493333333333338,65
sh.603477,巨星农牧,17.21,87.78311102,15.64,-0.97813578826236,0.46701692936370026,下降,17.243499999999997,17.826666666666664,65
sh.600577,精达股份,12.43,267.14340141,10.41,2.38879736408566,13.205828779599265,上升,11.603000000000003,10.8265,65
sh.600273,嘉化能源,8.74,118.59127022,10.03,3.923900118906065,6.067961165048544,震荡,8.388000000000002,8.484333333333334,65
sz.001332,锡装股份,56.19,62.084331,11.09,7.028571428571424,9.361619307123384,震荡,52.8875,55.51833333333333,65
unknown.920509,同惠电子,37.59,60.25891113,14.86,3.8971807628524147,9.65577596266045,震荡,36.89650000000001,37.473666666666674,65
sz.300145,南方泵业,4.72,90.66649114,10.23,-0.8403361344537823,13.73493975903613,上升,4.580500000000001,4.4668333333333345,65
sz.002973,侨银股份,13.67,55.8645975,12.5,3.4039334341906144,3.247734138972808,震荡,13.37,14.342499999999998,65
sz.300403,汉宇集团,14.41,86.8923,11.3,2.4893314366998553,5.878030859662019,震荡,13.749500000000003,14.076333333333332,65
sh.603229,奥翔药业,9.92,82.36547678,10.15,4.641350210970459,3.983228511530407,震荡,9.547,9.873666666666663,65
sz.300622,博士眼镜,31.06,70.7715021,13.17,0.19354838709677008,1.3376835236541604,震荡,30.314999999999998,30.442166666666665,65
sh.605365,立达信,26.46,132.83260699,11.47,-5.499999999999997,25.402843601895732,上升,25.321499999999993,20.813166666666667,65
sz.300680,隆盛科技,55.87,127.22497278,12.31,3.982877349711522,19.635974304068508,上升,50.9105,49.86166666666667,65
sh.601827,三峰环境,8.47,141.61275051,10.83,1.68067226890757,1.9253910950661868,震荡,8.307500000000001,8.419166666666666,65
sh.603868,飞科电器,43.28,188.52768,14.59,4.36460091632506,26.58672126352736,上升,37.791,36.434833333333344,65
sz.301550,斯菱智驱,138.7,320.778425,11.45,11.584875301689454,22.20264317180616,上升,116.00649999999999,100.18516666666667,65
sh.603317,天味食品,12.52,133.30229221,14.43,-0.39777247414479483,1.049233252623075,震荡,12.615500000000003,12.498499999999998,65
sz.002334,英威腾,9.02,74.21120212,10.18,1.576576576576563,3.085714285714281,震荡,8.848000000000003,8.854833333333334,65
sh.605088,冠盛股份,35.6,72.17047487,13.57,2.005730659025796,7.683000604960674,震荡,34.4585,35.00633333333334,65
sh.603093,南华期货,19.49,139.88458165,11.71,-0.8646998982706088,2.4710830704521496,震荡,19.381999999999998,19.687333333333335,65
sh.603337,杰克科技,43.33,206.43594519,17.57,8.67820416353148,10.19837232960325,震荡,40.303000000000004,40.820499999999996,65
sh.600562,国睿科技,28.26,350.94902558,10.92,2.3171614771904436,8.275862068965518,震荡,27.377499999999998,27.46583333333333,65
sh.605319,无锡振华,21.04,73.65813985,16.37,-0.7547169811320762,0.4775549188156536,下降,21.112000000000002,21.407,65
sz.000551,创元科技,14.7,71.25575776,10.1,-3.732809430255405,32.43243243243243,上升,13.8195,12.031333333333333,65
sh.600210,紫江企业,7.35,111.48010761,14.99,-1.4745308310992,2.225312934631422,震荡,7.35,7.471000000000002,65
sz.300773,拉卡拉,28.48,221.19417548,13.53,7.1079353140278325,33.64617550445801,上升,23.954000000000004,23.237666666666666,65
sz.000506,招金黄金,13.06,121.32971959,14.05,-1.4339622641509395,6.178861788617884,震荡,13.366,12.689666666666666,65
sz.002897,意华股份,54.07,104.83129233,10.59,4.442727448329142,15.386256935552712,上升,49.205000000000005,47.394000000000005,65
sh.688819,天能股份,33.22,322.93162,10.03,-0.7765830346475449,3.8124999999999964,震荡,33.337500000000006,32.76016666666666,65
sh.688676,金盘科技,90.34,415.36919444,14.51,-0.9212546611098962,14.33995696747247,上升,88.12299999999998,80.01250000000002,65
sz.300695,兆丰股份,100.06,102.31827815,11.1,9.79918797322507,9.295466957946482,震荡,90.251,96.10833333333333,65
sz.000878,云南铜业,20.51,410.94416638,10.61,6.269430051813475,17.941345600920076,上升,18.5265,17.875666666666667,65
sh.688582,芯动联科,66.11,265.58968992,10.11,-1.6073820509004293,12.623509369676315,上升,64.95249999999999,62.692166666666665,65
sz.002035,华帝股份,6.2,52.55452432,13.28,1.3071895424836613,2.31023102310232,震荡,6.154,6.279166666666667,65
sh.601216,君正集团,4.82,406.7124382,10.48,-0.20703933747411568,3.211991434689515,震荡,4.802499999999999,4.995,65
sh.603889,新澳股份,7.95,58.05419472,13.13,2.8460543337645503,7.287449392712551,震荡,7.669,7.727166666666666,65
sz.002788,鹭燕医药,21.18,82.28784468,11.29,-4.8517520215633505,101.33079847908746,上升,17.8525,12.32033333333333,65
sz.300791,仙乐健康,25.86,79.55432385,13.27,1.213307240704496,13.670329670329668,上升,24.827,24.028,65
sh.600711,盛屯矿业,15.16,468.53671113,13.62,5.131761442441055,14.674735249621781,上升,14.206500000000002,12.4745,65
sz.002533,金杯电工,12.48,91.59584454,14.53,-0.08006405124099109,2.2950819672131244,震荡,12.520999999999997,12.480833333333331,65
sz.300859,西域旅游,36.97,57.3035,15.28,-0.591556870126375,5.267653758542146,下降,37.20550000000001,37.612999999999985,65
sz.300316,晶盛机电,36.75,481.2536704,18.46,-3.2130629444298098,2.510460251046021,下降,36.839999999999996,37.66266666666666,65
sh.603809,豪能股份,14.35,132.0614438,13.33,1.0563380281690167,13.438735177865608,上升,13.4245,13.065333333333333,65
sz.000885,城发环境,13.72,88.09313659,14.31,0.07293946024799261,1.7049666419570082,震荡,13.678000000000003,14.226166666666668,65
sh.603124,江南新材,78.87,114.94923845,13.93,-3.215118419437956,8.591491119372172,震荡,78.6875,79.50166666666665,65
sz.002534,西子洁能,16.77,140.18632918,10.87,-2.669762042948351,5.273069679849341,震荡,17.0705,16.556833333333334,65
sz.300973,立高食品,43.0,72.81641973,10.67,-1.0356731875719283,14.51398135818909,上升,41.92850000000001,41.195,65
sh.603062,麦加芯彩,47.27,51.0516,10.04,2.1833117163856577,4.858030168589186,震荡,46.484500000000004,47.54483333333333,65
sz.001308,康冠科技,20.86,146.73916769,11.72,0.7242877836793751,0.3849855630413777,震荡,20.683000000000003,21.541666666666664,65
sh.600105,永鼎股份,25.1,366.9606953,10.21,-3.9785768936495756,19.296577946768075,上升,23.089500000000005,17.894999999999996,65
sz.002979,雷赛智能,42.07,132.15905433,14.42,1.0812109562710304,4.755976095617539,震荡,40.1445,40.94033333333335,65
sh.603013,亚普股份,24.67,126.45823843,12.24,0.32533550223668906,14.107308048103611,上升,22.913,22.7875,65
sh.603713,密尔克卫,55.77,88.18752438,13.44,-0.2682403433476369,6.431297709923673,震荡,55.1385,56.67616666666667,65
sz.300679,电连技术,48.68,206.802376,13.98,-0.36839950880065436,2.7871621621621627,震荡,48.779999999999994,48.68999999999998,65
sz.002284,亚太股份,14.93,110.34768196,10.73,-1.9053876478318064,19.154030327214688,上升,14.4635,13.384333333333329,65
sh.600737,中粮糖业,17.21,368.09578004,14.44,-0.577700751010964,0.9384164222873909,震荡,17.232499999999995,16.77883333333334,65
sh.603406,天富龙,40.7,162.80407,13.98,-0.1226993865030605,3.4570411794611067,震荡,40.0655,42.71433333333333,65
sz.002810,山东赫达,14.83,51.5945952,10.24,-1.1333333333333329,14.429012345679004,上升,14.362999999999996,13.567000000000004,65
sh.600216,浙江医药,13.86,133.28299215,11.43,0.8733624454148414,0.14450867052022812,震荡,13.811000000000002,14.159166666666666,65
sz.300298,三诺生物,17.11,95.86173606,10.3,-1.1554015020219486,3.1966224366706952,震荡,17.096,17.956666666666663,65
sh.603927,中科软,19.09,158.645536,10.92,0.5795574288724944,1.0587612493382703,震荡,18.9455,20.176666666666666,65
sz.300304,云意电气,11.64,102.21592878,14.49,1.9264448336252245,7.678075855689177,震荡,11.3505,11.556833333333334,65
sh.603119,浙江荣泰,115.67,420.74054491,13.22,8.001867413632127,19.00205761316872,上升,100.38050000000001,95.12716666666668,65
sz.300661,圣邦股份,68.64,424.22698375,11.9,-1.788524824724567,5.648760966599972,震荡,67.69250000000002,69.45800000000001,65
sh.600300,维维股份,3.51,56.76169052,12.43,-1.4044943820224793,1.445086705202307,震荡,3.5870000000000006,3.5593333333333326,65
sh.603380,易德龙,38.0,60.967656,12.57,-2.589079723147906,5.879074951239898,震荡,37.830499999999994,38.18783333333334,65
sh.600916,中国黄金,8.15,136.92,11.03,0.49321824907522727,1.8750000000000044,震荡,8.0825,8.202166666666665,65
sz.002484,江海股份,29.7,252.60561048,11.53,-3.3203124999999987,11.111111111111107,上升,28.942,28.3945,65
sz.300505,川金诺,22.39,61.5428384,11.3,-0.9292035398230125,3.1797235023041535,震荡,22.258499999999998,22.472166666666666,65
sh.688629,华丰科技,100.06,461.2694267,14.19,-3.658771423069514,22.322738386308075,上升,91.12599999999998,84.18533333333335,65
sh.600654,中安科,3.77,108.43976543,12.14,1.0723860589812342,0.5333333333333339,震荡,3.726,3.7593333333333336,65
sz.000777,中核科技,25.85,99.11344779,10.98,-2.819548872180451,24.939584340260996,上升,23.223000000000006,22.23616666666666,65
sz.300373,扬杰科技,68.0,369.47649516,11.78,0.23584905660376854,5.019305019305019,震荡,66.24700000000001,67.655,65
sz.000920,沃顿科技,12.45,58.84132919,10.51,-1.2688342585249814,4.797979797979785,震荡,12.332,12.694833333333333,65
sh.600970,中材国际,10.39,272.40704854,14.96,0.2895752895753006,11.840688912809489,上升,10.098000000000003,9.691333333333334,65
sh.603800,洪田股份,48.77,101.4416,14.57,0.6604747162022709,0.5774386471437433,震荡,50.310500000000005,48.71883333333332,65
sh.601567,三星医疗,23.02,323.47920388,19.62,-0.0868055555555537,1.0092145677928936,下降,23.2765,23.871166666666667,65
sz.300384,三联虹普,16.25,51.83868056,12.35,2.201257861635218,2.84810126582278,震荡,15.926000000000002,16.31133333333333,65
sz.300684,中石科技,49.22,147.41843956,12.14,-2.8232971372161892,15.377402719174876,上升,48.50200000000001,45.130333333333326,65
sh.603227,雪峰科技,8.32,89.16483172,14.23,0.7263922518159867,2.5893958076448937,震荡,8.254,8.665333333333333,65
sz.002937,兴瑞科技,23.6,70.27577296,14.74,2.2087483759203184,13.844669561022677,上升,22.411,19.997166666666665,65
sh.600612,老凤祥,44.47,232.63046965,16.2,0.04499437570302817,0.6564056133997265,下降,44.630500000000005,45.870666666666665,65
sh.600064,南京高科,8.68,150.1934811,12.73,0.46296296296295303,4.452466907340543,震荡,8.409,8.576833333333333,65
sh.603382,海阳科技,32.24,58.43544104,14.58,-1.4970974641001984,5.80899245159174,震荡,31.965500000000002,32.2845,65
sz.300286,安科瑞,23.08,57.88109837,12.63,-0.5172413793103492,2.3957409050576715,震荡,22.9565,23.798499999999997,65
sh.605111,新洁能,35.73,148.39832619,11.48,-1.678591084204751,8.14164648910411,震荡,34.51350000000001,35.922666666666665,65
sz.002472,双环传动,47.41,402.78466525,12.28,6.947890818858557,16.08716944172378,上升,43.31999999999999,41.65716666666666,65
sz.002611,东方精工,19.22,233.96243455,10.55,3.8918918918918854,9.204545454545439,震荡,18.270999999999997,18.452166666666667,65
sh.603083,剑桥科技,134.38,473.89157124,10.66,-0.3115727002967477,17.116960083667422,上升,123.792,113.41933333333333,65
sz.300699,光威复材,39.46,328.0514992,13.5,-1.473158551810228,28.158493017213388,上升,33.8735,30.543666666666663,65
sz.002138,顺络电子,35.53,286.48491118,13.69,-2.6041666666666554,3.9496781743709812,震荡,35.50999999999999,36.21150000000001,65
sz.002126,银轮股份,37.8,318.89981378,13.29,1.5310233682514112,10.688140556368957,上升,36.2675,35.3915,65
sz.301262,海看股份,24.89,103.7913,11.14,1.055623223710928,3.021523178807949,震荡,24.3345,25.366,65
sh.688087,英科再生,30.82,59.80768166,12.85,0.16249593760156228,4.829931972789122,震荡,31.209000000000003,30.10183333333333,65
sz.300012,华测检测,13.55,228.023223,14.07,1.0439970171513837,0.81845238095239,震荡,13.472,13.822333333333331,65
sh.603365,水星家纺,21.04,55.22922152,12.42,4.8330842052815095,4.468718967229387,震荡,20.377000000000002,20.667333333333332,65
sz.301000,肇民科技,39.37,95.62080167,12.19,1.390677311357196,3.988378235604855,震荡,37.801,40.02999999999999,65
sh.603071,物产环能,13.22,73.76157723,13.93,0.5323193916349831,1.3803680981595208,震荡,13.173499999999999,13.674000000000003,65
sz.300435,中泰股份,22.22,85.7054286,11.27,-1.4196983141082533,14.124293785310735,上升,22.038500000000006,20.80183333333333,65
sh.688190,云路股份,97.4,116.88,15.2,-2.218652745708256,2.1714045945662517,下降,99.37250000000002,103.41949999999999,65
sh.603170,宝立食品,14.28,57.121428,17.07,-1.5172413793103492,1.9999999999999956,下降,14.416999999999996,14.796166666666666,65
sz.301392,汇成真空,129.04,129.04,13.07,-3.0284812504696785,1.0651629072681588,震荡,134.72150000000002,131.134,65
sh.603325,博隆技术,77.77,62.2191108,13.15,0.24490848156741135,1.6601307189542434,震荡,77.38349999999998,78.11766666666668,65
sz.000875,吉电股份,5.64,204.57806331,11.31,0.8944543828264727,2.5454545454545396,震荡,5.608,5.723166666666666,65
sh.601528,瑞丰银行,5.7,111.84319952,10.83,-1.0416666666666599,6.542056074766365,震荡,5.566000000000001,5.567333333333333,65
sz.002697,红旗连锁,5.94,80.784,12.2,-2.141680395387148,2.0618556701030943,震荡,6.255,5.888333333333334,65
sz.301252,同星科技,32.51,55.01519054,10.74,7.756049055352987,12.60824385174921,上升,29.694,27.959833333333332,65
sh.600850,电科数字,29.64,201.61090683,11.98,-0.43668122270742027,10.26785714285715,上升,29.017500000000002,27.31350000000001,65
sh.600186,莲花控股,5.98,107.22780703,13.86,-1.806239737274211,11.567164179104479,上升,5.891500000000001,5.7376666666666685,65
sz.300783,三只松鼠,23.15,92.98658185,15.18,0.43383947939261547,3.3020972780008853,下降,23.308,23.430000000000003,65
sz.301303,真兰仪表,15.14,61.89232,10.09,0.0,0.933333333333337,震荡,15.137,15.663499999999999,65
sz.300043,星辉娱乐,5.65,70.29720966,16.99,0.3552397868561361,1.8018018018018116,下降,5.7365,5.948333333333333,65
sh.603867,新化股份,25.4,55.24163272,10.19,0.7137192704203003,0.3159557661927263,震荡,25.028499999999998,27.646000000000004,65
sz.002601,龙佰集团,19.58,466.83576936,10.63,0.7720020586721492,11.885714285714275,上升,18.738999999999997,18.493833333333335,65
sz.002085,万丰奥威,16.01,339.93993295,10.02,0.6918238993710768,2.8920308483290555,震荡,15.604499999999998,16.126166666666666,65
sh.603816,顾家家居,30.74,252.51419694,14.97,0.03254149040025386,4.522271336280171,震荡,30.615000000000002,30.622333333333327,65
sz.300548,长芯博创,142.0,414.02013876,14.35,-0.49751243781095084,7.048624199019973,震荡,142.70650000000003,119.9025,65
sh.603043,XD广州酒,17.63,100.27429292,13.27,-0.7319819819819964,4.753416518122405,震荡,17.700000000000003,17.115000000000002,65
sz.301029,怡合达,26.52,168.19055922,12.31,0.4165088981446401,4.4094488188976415,震荡,25.762999999999998,26.502833333333335,65
sh.688050,爱博医疗,60.66,117.31836596,17.32,-2.366006760019324,2.4662162162162056,下降,61.797000000000004,63.49549999999999,65
sz.300113,顺网科技,20.24,138.353775,13.6,2.897813929842383,5.252210088403526,震荡,19.520500000000002,20.7675,65
sz.002167,东方锆业,12.35,95.67215255,11.15,-0.5636070853462181,0.6519967400163005,震荡,12.299999999999997,12.612,65
sz.000600,建投能源,8.53,153.81589227,14.08,0.5896226415094213,4.534313725490186,震荡,8.462,8.631833333333333,65
sh.605338,巴比食品,31.32,75.03227854,12.24,7.15018816284639,19.8622273249139,上升,28.767500000000005,27.786499999999997,65
sz.300815,玉禾田,22.78,90.7992576,14.83,0.6183745583038894,4.5433685176686645,震荡,22.335499999999996,23.223000000000003,65
sh.688239,航宇科技,67.67,128.99810294,10.82,-4.272174282076667,20.688425182807208,上升,64.06600000000002,55.214999999999996,65
sz.002850,科达利,157.86,432.17738374,13.39,-0.6107158597242327,3.2371983519717595,震荡,154.163,160.26483333333337,65
sh.688248,南网科技,44.74,252.64678,12.54,0.6750675067506847,3.5408470261513565,震荡,44.184999999999995,47.21149999999999,65
sz.000999,华润三九,28.46,473.63640239,17.33,-0.3152364273204899,0.8862105636299183,下降,28.500500000000006,28.775,65
sz.300525,博思软件,14.1,106.9419404,11.89,4.677060133630282,1.7316017316017334,震荡,13.638500000000002,13.71366666666667,65
sh.601677,明泰铝业,14.79,183.91714443,10.65,1.6494845360824635,5.793991416309003,震荡,14.379000000000001,14.499666666666666,65
sz.002430,杭氧股份,29.87,292.23435832,10.5,-2.640156453715772,3.787352328005559,震荡,30.0605,28.134499999999996,65
sz.000521,长虹美菱,6.55,67.46000333,11.18,0.7692307692307665,0.0,震荡,6.5329999999999995,6.7668333333333335,65
sz.000598,兴蓉环境,7.17,213.9534253,11.5,0.7022471910112335,0.27972027972027375,震荡,7.185,7.111500000000001,65
sz.301050,雷电微力,52.2,129.04475326,13.36,2.27272727272728,10.59322033898305,上升,49.911,47.035999999999994,65
sz.301128,强瑞技术,100.91,104.38258556,13.08,-0.08910891089109249,21.432009626955477,上升,94.69300000000001,90.34383333333332,65
sz.002056,横店东磁,19.5,317.20885443,19.41,-2.3046092184368776,1.8808777429467054,下降,19.594,20.080166666666667,65
sh.603063,禾望电气,33.07,151.37204515,10.71,-3.0489592494869515,13.642611683848793,上升,32.95100000000001,31.563333333333333,65
sz.002768,国恩股份,52.68,142.8945,14.35,-1.311352566504314,0.36197370927795336,震荡,52.17199999999999,52.50333333333333,65
sh.688128,中国电研,29.08,117.6286,15.16,-0.7169682485489958,1.6783216783216672,下降,29.1255,29.93033333333333,65
sz.002911,佛燃能源,12.12,157.3653791,17.39,0.08257638315441608,2.538071065989839,下降,12.164999999999997,12.373999999999999,65
sh.600007,中国国贸,19.82,199.64339824,13.35,2.4819027921406436,4.53586497890295,震荡,19.304,20.01466666666666,65
sz.002380,科远智慧,27.2,65.27772853,12.02,-0.3663003663003715,3.619047619047616,震荡,26.9565,27.733500000000003,65
sz.300346,南大光电,42.9,296.50631139,13.42,-2.121834360027378,3.298820130026481,震荡,44.757000000000005,41.24033333333334,65
sh.605007,五洲特纸,13.51,64.270797,14.21,-3.843416370106768,15.273037542662108,上升,12.973999999999998,12.255833333333332,65
sh.603920,世运电路,48.41,348.83874066,14.02,4.219590958019362,24.128205128205117,上升,44.15999999999999,41.59299999999999,65
sz.003002,壶化股份,32.37,64.74,10.47,-1.0091743119266219,17.580820922629844,上升,30.917,28.31183333333333,65
sh.603200,上海洗霸,71.14,124.83654527,11.77,0.9794180269694787,0.4234895539243325,震荡,70.649,76.1875,65
sz.002125,湘潭电化,14.16,89.13461056,10.94,-3.344709897610923,7.5170842824601385,震荡,14.105,14.42933333333333,65
sh.688566,吉贝尔,29.85,59.5301132,10.51,0.9469056476158307,3.0732044198895045,震荡,29.3125,30.374499999999994,65
sz.300697,电工合金,16.78,72.596992,12.05,-0.2378121284185443,0.599520383693054,震荡,16.6625,16.749333333333333,65
sz.000533,顺钠股份,8.33,57.5449728,11.43,-3.026775320139695,5.04413619167718,震荡,8.6295,8.213,65
sz.301363,美好医疗,24.05,136.81351879,10.96,-3.9536741214057445,14.797136038186165,上升,22.834500000000002,22.208833333333327,65
sz.300727,润禾材料,35.64,64.20059585,10.34,0.36609405801183487,8.92420537897311,震荡,34.86149999999999,35.59083333333333,65
sh.605086,龙高股份,45.66,81.82272,10.51,8.096590909090896,14.14999999999999,上升,40.6805,33.25783333333334,65
sz.001696,宗申动力,21.69,248.35633895,14.31,-0.41322314049586706,1.1660447761194028,震荡,21.351000000000003,22.197333333333336,65
sh.603995,甬金股份,18.08,66.10370873,14.81,0.0,7.619047619047604,震荡,17.848499999999994,17.883499999999994,65
sz.300718,长盛轴承,85.36,255.03778001,14.47,0.6129184347006083,6.367601246105918,震荡,82.64149999999998,83.10049999999998,65
sh.603299,苏盐井神,10.42,81.44878465,13.26,1.1650485436893128,5.040322580645162,震荡,10.216999999999999,10.602333333333332,65
sz.002543,万和电气,10.21,75.92156,14.86,1.0891089108911012,2.923387096774203,震荡,10.050999999999998,10.840000000000002,65
sh.600578,京能电力,5.1,341.42567177,13.32,-2.4856596558317547,11.111111111111107,上升,4.984,4.809333333333334,65
sh.600888,新疆众和,8.19,114.9640137,11.75,0.0,6.919060052219312,震荡,7.972999999999999,8.076,65
sz.002705,新宝股份,14.26,115.77348623,13.31,0.6351446718419186,0.07017543859648974,震荡,14.257,14.816333333333334,65
sz.300389,艾比森,16.23,59.90498145,11.72,1.310861423220979,5.732899022801308,震荡,15.894000000000002,16.457,65
sz.001380,华纬科技,22.88,61.97144279,14.19,0.8818342151675453,1.508429458740017,震荡,22.461999999999996,23.70933333333334,65
sz.002216,三全食品,11.29,99.25987902,12.48,-0.6161971830985941,1.8034265103696963,震荡,11.447999999999999,11.431000000000003,65
sh.600933,爱柯迪,20.1,207.05664657,11.98,4.633003643935453,5.511811023622051,震荡,19.206500000000002,20.077666666666662,65
sz.000839,国安股份,2.64,103.48341569,12.83,0.3802281368821381,0.0,震荡,2.625,2.7018333333333335,65
sh.600389,江山股份,25.28,108.86832,10.86,-2.881290818286592,12.20594762538837,上升,24.5825,23.524833333333333,65
sh.603082,北自科技,36.9,59.86196337,11.69,1.2623490669593875,3.5644120123491323,震荡,35.9695,36.864999999999995,65
sz.300913,兆龙互连,52.63,180.40570346,13.38,-1.7547134590255697,-2.860834256183088,震荡,53.84500000000001,52.26833333333334,60
sz.301607,富特科技,40.11,62.33912204,13.28,-2.2898903775883017,-5.867167331612298,下降,41.038500000000006,42.13333333333333,60
sh.688408,中信博,42.11,92.24864459,19.72,-3.5059578368469317,-3.616388189517048,下降,43.1255,44.5955,60
sh.603416,信捷电气,55.23,86.78766701,10.36,2.7917364600781687,-0.30685920577617637,震荡,53.97249999999999,55.74583333333333,60
sz.301563,云汉芯城,153.25,99.79042172,12.55,-7.228040438283188,-9.265837773830672,下降,157.32600000000002,177.52616666666665,60
sh.603629,利通电子,26.65,69.92427,12.2,-0.22463496817672132,-3.2316630355846065,震荡,26.740499999999997,26.29816666666667,60
sh.603363,傲农生物,4.61,119.99654018,13.96,-1.4957264957264829,-5.532786885245893,下降,4.7364999999999995,4.965333333333334,60
sh.605005,合兴股份,19.18,76.9118,14.34,-2.688990360223243,-1.4894709809964004,震荡,19.781,19.103500000000004,60
sh.688198,佰仁医疗,107.01,147.40427712,12.08,-3.3333333333333313,-6.842517628623661,下降,111.23150000000003,114.17683333333335,60
sh.688800,瑞可达,83.0,170.70969805,10.6,-7.828983897834534,-2.410346854791296,震荡,83.20250000000001,76.41816666666666,60
sz.002130,沃尔核材,26.32,331.60530152,16.29,0.15220700152206676,-2.156133828996276,下降,26.6245,26.743666666666666,60
sz.301678,新恒汇,64.22,153.84252091,16.52,-2.401215805471122,-1.6990662788917792,下降,66.81400000000001,68.843,60
sz.300611,美力科技,27.26,57.53895777,10.27,0.850906400295969,-0.5109489051094782,震荡,26.752999999999997,28.45783333333333,60
sh.603277,银都股份,16.83,103.28559303,18.79,-1.86588921282799,-2.9411764705882444,下降,17.2875,17.46233333333333,60
sz.002215,诺 普 信,10.59,106.44975973,15.76,-2.3963133640552976,-1.6713091922005545,下降,10.7175,11.343833333333334,60
sh.688226,威腾电气,37.1,70.03571792,10.24,0.0,-1.617608061522141,震荡,38.43650000000001,38.1585,60
sh.603328,依顿电子,10.96,109.42931017,11.19,-1.9677996422182369,-2.317290552584668,震荡,11.077500000000002,11.000499999999999,60
sh.603393,新天然气,26.59,112.72068085,15.4,-1.1156563778356292,-1.0788690476190446,下降,26.866499999999995,28.104999999999997,60
sh.603162,海通发展,12.04,111.74887568,14.15,-5.568627450980399,-2.7463651050080906,震荡,12.440999999999999,11.931999999999997,60
sh.688449,联芸科技,45.18,207.828,17.33,-3.109586103366937,-0.5721830985915449,下降,45.61899999999999,50.03116666666665,60
sz.002961,瑞达期货,27.07,124.48403757,13.72,-6.169844020797231,-1.3124316441851966,震荡,28.30800000000001,25.201166666666666,60
sh.600483,福能股份,9.47,263.27904966,11.84,-2.5720164609053495,-7.156862745098026,下降,9.866,10.042,60
sh.603508,思维列控,27.82,106.07053168,11.77,-0.42949176807444883,-6.203641267700606,下降,28.564000000000004,29.32033333333333,60
sz.002287,奇正藏药,23.66,135.36316683,15.07,-0.08445945945945767,-1.988400994200499,下降,24.016000000000002,24.93183333333333,60
sz.000915,华特达因,33.04,77.42312264,17.56,0.30358227079538985,-0.18126888217523343,下降,33.177499999999995,33.6045,60
sh.603210,泰鸿万立,19.46,66.24184,18.33,-1.1178861788617829,-0.10266940451745162,下降,19.493000000000002,20.184,60
sz.300009,安科生物,9.57,160.06028439,18.21,-0.5197505197505087,-2.1472392638036717,下降,9.7205,10.101333333333336,60
sh.688138,清溢光电,28.16,88.64768,12.07,-0.3185840707964597,-1.8131101813110166,震荡,28.357,28.258333333333333,60
sz.300917,特发服务,39.1,66.079,11.38,-1.4616935483870925,-7.804763027587823,下降,40.196999999999996,40.983333333333334,60
sh.605368,蓝天燃气,7.72,55.16989264,13.61,-0.7712082262210861,-5.85365853658536,下降,7.7735,9.011000000000001,60
sz.301061,匠心家居,94.8,207.39149615,20.69,1.1955593509820561,-14.42498645964976,震荡,100.84699999999998,97.75733333333334,60
sh.688169,石头科技,152.06,393.99714318,16.18,0.10533245556286806,-1.0219358198268522,下降,153.58599999999998,160.82016666666667,60
sh.688389,普门科技,12.98,55.61744775,18.2,-0.9160305343511391,-4.418262150220911,下降,13.1785,13.623166666666664,60
sz.002020,京新药业,18.98,163.42333077,12.45,-1.4537902388369737,-3.752535496957396,震荡,19.514,19.210500000000003,60
sz.001356,富岭股份,12.92,76.140144,18.14,-1.147666411629689,-1.3740458015267154,下降,13.1375,13.708499999999997,60
sz.000498,山东路桥,6.03,93.6121885,13.55,-0.8223684210526285,-0.16556291390728123,震荡,6.0065,6.112333333333331,60
sz.002839,张家港行,4.57,111.70656531,11.05,-0.8676789587852501,-3.991596638655452,震荡,4.615499999999999,4.599166666666667,60
sh.600863,内蒙华电,4.48,292.40457393,14.77,-1.5384615384615252,-3.8626609442060027,震荡,4.6435,4.5285,60
sz.000534,万泽股份,22.0,112.10067352,14.02,-6.502337441563966,-0.4524886877828118,震荡,23.081,20.678333333333338,60
sh.600744,华银电力,5.88,119.43010731,18.89,-1.8363939899833106,-2.6490066225165587,下降,6.0045,6.288666666666667,60
sz.301058,中粮科工,10.96,56.14525725,11.12,-0.4541326067211529,-0.634632819582942,震荡,10.914000000000001,11.177333333333333,60
sh.603589,口子窖,30.05,179.73490134,16.39,-1.0862409479920945,-1.2163050624589118,下降,30.727999999999998,31.468833333333336,60
sz.300303,聚飞光电,6.84,96.82741805,10.68,0.29325513196480313,-2.9787234042553186,震荡,6.882000000000001,6.740499999999999,60
sh.600726,华电能源,2.39,188.98533542,16.33,-1.2396694214875952,-1.2396694214875952,下降,2.4385,2.5448333333333335,60
sz.000544,中原环保,8.32,81.0937494,12.65,0.12033694344163401,-1.1876484560570029,震荡,8.2915,8.610000000000001,60
sh.600062,华润双鹤,18.29,189.9887484,15.07,-0.27262813522355894,-1.4547413793103428,下降,18.428500000000003,18.823666666666664,60
sz.002370,亚太药业,7.31,54.50829644,10.01,-1.6150740242261117,-1.6150740242261117,震荡,7.3065,7.662166666666667,60
sz.301371,敷尔佳,23.69,123.2126376,10.72,-0.5457598656591057,-5.5422647527910565,下降,24.0045,25.233833333333337,60
sh.603983,丸美生物,33.15,132.9315,10.08,2.504638218923918,-1.5151515151515094,震荡,33.09349999999999,34.10033333333334,60
sz.300841,康华生物,72.26,93.89962922,11.64,-0.5505092210294406,-7.4064582265504875,下降,74.309,77.30050000000001,60
sz.002275,桂林三金,14.1,82.8471726,17.62,-0.2828854314002894,-4.341926729986436,下降,14.428500000000003,14.825333333333333,60
sh.603075,热威股份,21.84,87.90231144,14.75,1.3927576601671343,-0.3649635036496434,震荡,21.7595,22.086999999999993,60
sh.600993,马应龙,28.0,120.69508948,13.56,-1.199717713479181,-2.097902097902103,震荡,28.788,28.447999999999997,60
sh.600968,海油发展,3.84,390.34000124,14.11,1.319261213720312,-0.5181347150259072,震荡,3.8225000000000002,3.874,60
sz.002737,葵花药业,14.77,86.2568,12.32,-0.13522650439485853,-3.7785016286644955,震荡,14.9815,14.938166666666664,60
sz.002831,裕同科技,28.51,262.43839885,12.5,0.07020007020008118,-0.14010507880910383,震荡,28.768,28.351,60
sh.688766,普冉股份,127.21,188.33326265,14.06,-0.7025212707829364,-0.6637513665469378,震荡,127.17,130.0656666666667,60
sh.688677,海泰新光,43.16,51.7389132,10.45,1.409774436090212,-1.3936486177747465,震荡,43.15049999999999,46.4335,60
sh.600461,洪城环境,9.27,119.041185,13.63,-1.592356687898093,-4.62962962962964,震荡,9.536000000000003,9.449999999999998,60
sz.002351,漫步者,12.06,107.2263042,16.8,-0.49504950495048455,-1.5510204081632613,下降,12.1855,12.568666666666664,60
sz.300528,幸福蓝海,20.79,77.46521443,12.42,4.735516372795958,-1.5158692562766476,震荡,19.913000000000004,21.500999999999994,60
sh.600559,老白干酒,16.04,146.72549002,15.56,-0.4962779156327658,-0.4962779156327658,下降,16.155500000000004,16.511833333333335,60
sz.001323,慕思股份,25.96,112.94696633,16.68,-1.1800532927293443,-1.4426727410782043,下降,26.040499999999998,26.819000000000003,60
sz.003013,地铁设计,14.17,57.85992145,19.25,-0.14094432699083562,-2.4104683195592265,下降,14.214500000000001,15.070833333333331,60
sh.603235,天新药业,26.97,118.069266,14.8,0.40953090096798006,-4.429482636428066,震荡,27.354000000000003,27.34416666666667,60
sz.002749,国光股份,13.33,62.16559472,19.44,-4.444444444444439,-4.444444444444439,下降,13.767999999999997,14.101666666666665,60
sz.002039,黔源电力,18.17,77.68731149,11.89,1.056729699666303,-0.8187772925764114,震荡,18.302500000000002,18.155166666666673,60
sh.600012,皖通高速,14.82,253.21331795,12.84,0.2028397565922998,-0.4032258064516162,震荡,14.7165,15.010833333333336,60
sz.301551,无线传媒,31.55,126.203155,12.44,0.8309364014062052,-5.680119581464879,下降,32.217999999999996,35.16483333333334,60
sz.000543,皖能电力,7.95,180.21563481,13.07,-3.636363636363634,-3.166869671132773,震荡,8.333000000000002,8.180666666666665,60
sh.688777,中控技术,49.34,390.37291262,11.14,1.1480114801148058,-3.538611925708691,震荡,48.757000000000005,50.492666666666665,60
sz.000729,燕京啤酒,11.23,316.52196799,11.62,-0.26642984014209026,-8.026208026208028,下降,11.735499999999998,11.932999999999998,60
sz.002832,比音勒芬,14.96,85.37777977,15.65,-0.795755968169756,-2.47718383311603,下降,15.111,15.624666666666668,60
sz.300811,铂科新材,71.31,206.65658252,18.0,-1.273708985186213,-0.8481646273637367,下降,72.011,74.00116666666666,60
sh.600757,长江传媒,8.88,107.77214424,10.17,2.3041474654378002,-3.89610389610389,震荡,8.877999999999998,8.881499999999999,60
sz.001388,信通电子,42.94,66.9864,18.26,-1.3100436681222716,-1.7391304347826202,下降,43.209,44.26283333333334,60
sz.001286,陕西能源,9.31,349.125,12.57,-2.5130890052356043,-5.864509605662286,下降,9.7995,9.803499999999996,60
sz.002422,科伦药业,29.35,469.02866468,13.51,1.3117017604418453,-8.252578930915902,下降,30.28000000000001,32.76633333333333,60
sz.301602,超研股份,21.54,92.26220403,18.26,-0.7373271889400929,-2.357207615593833,下降,21.8675,23.24083333333333,60
sz.002444,巨星科技,34.02,406.36147752,14.53,2.7173913043478435,-4.83916083916083,震荡,34.6865,32.39383333333333,60
sh.603899,晨光股份,27.06,249.21458402,16.64,-1.9565217391304444,-1.7785843920145261,下降,27.609499999999997,27.88816666666666,60
sh.600129,太极集团,18.05,99.53098239,14.2,0.9507829977628732,-1.0416666666666543,震荡,18.048000000000002,19.56783333333333,60
sz.300577,开润股份,21.37,51.25300598,19.06,1.4719848053181495,-3.2155797101449153,下降,21.732,23.125666666666657,60
sz.002003,伟星股份,10.6,126.02230322,16.02,-0.18832391713747246,-0.3759398496240688,下降,10.658499999999998,10.792666666666669,60
sh.603565,中谷物流,10.04,210.84633554,17.26,-1.472031403336608,-3.5542747358309414,下降,10.4005,10.639333333333331,60
sh.688663,新风光,38.77,54.81400688,13.15,-1.848101265822777,-5.115026921194313,下降,39.73049999999999,41.448,60
sh.600502,安徽建工,4.69,80.50544169,10.41,0.8602150537634415,-1.4705882352941049,震荡,4.666000000000001,4.751499999999998,60
sz.002088,鲁阳节能,10.47,53.72393475,17.05,-0.9460737937559095,-1.966292134831452,下降,10.643999999999998,11.417166666666667,60
sh.600983,惠而浦,9.56,73.2715684,11.47,0.0,-5.158730158730155,下降,9.631499999999999,10.076666666666664,60
sz.000682,东方电子,11.86,159.01022303,14.05,0.5084745762711755,-1.0016694490818112,震荡,11.852500000000001,11.972333333333331,60
sh.600582,天地科技,5.83,241.2797324,11.12,0.5172413793103492,-0.8503401360544187,震荡,5.797499999999999,5.965833333333332,60
sz.301629,矽电股份,218.2,91.04891187,13.69,-2.6110243249274814,-4.0836959866367835,震荡,227.19400000000002,211.13950000000003,60
sh.601918,新集能源,6.61,171.23481298,16.46,-1.1958146487294479,-4.063860667634243,下降,6.751500000000002,7.009833333333333,60
sz.003010,若羽臣,34.97,108.77749876,10.3,-3.7964236588720843,1.3035921205098369,下降,35.514,37.35633333333332,55
unknown.920394,民士达,40.92,59.8455,14.79,3.0990173847316806,10.594594594594598,震荡,38.467999999999996,38.7985,55
sz.300260,新莱应材,56.89,232.00126121,12.05,3.3799745593312727,16.339468302658492,震荡,54.456,55.19116666666666,55
sz.301280,珠城科技,53.26,72.84910256,10.65,5.111505821985388,11.027725661872003,震荡,49.963,50.47383333333334,55
sh.603090,宏盛股份,55.45,55.45,10.85,-4.5117961081453375,18.104366347177848,震荡,55.4855,50.346999999999994,55
sz.001382,新亚电缆,20.5,84.46,11.75,-1.2048192771084338,1.7369727047146473,下降,20.594,20.953666666666667,55
sh.600506,统一股份,26.21,50.3281626,10.66,-0.9822440498677674,11.484474691620584,震荡,24.698500000000003,25.206166666666665,55
sh.603833,欧派家居,52.09,317.30772842,13.99,-2.3617619493908117,2.53937007874017,下降,52.3495,52.87516666666667,55
sz.002987,京北方,21.53,186.76417073,11.68,3.509615384615387,13.614775725593677,震荡,19.964,19.9965,55
unknown.920576,天力复合,70.62,76.94049,13.0,-6.944261431018574,50.89743589743592,震荡,75.00899999999999,44.94883333333333,55
sh.605378,野马电池,22.48,58.75067072,12.21,-2.726092600605794,1.1701170117011772,下降,22.721000000000007,23.855500000000003,55
sz.003033,征和工业,78.61,64.263675,10.8,7.288112460761571,26.281124497991964,震荡,69.00649999999999,69.51416666666667,55
sh.688575,亚辉龙,14.2,81.1371386,11.35,0.0,0.6378454996456404,下降,14.266,14.705499999999999,55
sh.603181,皇马科技,14.29,84.12523,13.66,-1.2439530062197752,1.4914772727272663,下降,14.348500000000001,15.53233333333333,55
sz.002180,纳思达,20.22,287.50391823,10.89,2.0696617869762757,10.85526315789474,震荡,19.341500000000003,19.98733333333333,55
sz.002782,可立克,18.16,90.06706476,12.15,-2.1024258760107846,1.9651880965749662,下降,18.330000000000002,18.505333333333336,55
sz.000422,湖北宜化,14.21,154.64009935,14.45,0.0,0.9232954545454601,下降,14.233999999999998,14.421999999999999,55
sh.600008,首创环保,3.0,220.21772031,11.77,-0.3322259136212554,1.0101010101010035,下降,3.0104999999999995,3.1135,55
sz.300833,浩洋股份,40.68,51.4563354,12.79,-1.8102824040550327,0.24642681123706608,下降,41.794,41.855499999999985,55
sz.300997,欢乐家,26.15,114.39931371,12.11,-3.8602941176470615,13.350671868227126,震荡,28.034499999999998,23.550500000000003,55
sh.688016,心脉医疗,91.66,112.98205644,14.38,-0.940235599265108,1.5173330379886922,下降,92.2105,96.15450000000001,55
sh.603368,柳药集团,17.82,70.77549887,11.62,0.3378378378378306,0.16863406408095077,下降,17.903999999999996,18.354833333333332,55
sz.000550,江铃汽车,18.6,160.557804,14.2,-1.326259946949602,4.318564217610786,下降,18.61,19.224999999999998,55
sh.603612,索通发展,23.5,117.05454787,12.05,-1.550062840385425,0.7286755250750181,下降,23.5805,24.619666666666664,55
sh.603163,圣晖集成,68.6,68.6,10.56,-8.16599732262384,14.447781114447775,震荡,70.301,56.079833333333326,55
sh.603193,润本股份,24.23,98.03295998,14.91,-0.2059308072487673,0.7903494176372766,下降,24.439,25.343666666666667,55
sz.001359,平安电工,71.0,131.70724715,13.87,-2.0419426048565175,10.9375,震荡,71.27550000000001,58.94816666666667,55
sh.688588,凌志软件,14.31,57.24143143,10.06,1.1307420494699656,0.1399580125962306,下降,14.407999999999998,15.56333333333333,55
sz.002818,富森美,11.11,83.15378823,11.78,0.1803426510369664,0.36133694670279265,下降,11.187000000000001,11.324166666666665,55
sz.300001,特锐德,25.68,271.0620847,13.16,-1.3066871637202149,1.0228166797796931,下降,25.912500000000005,27.20866666666667,55
sh.603658,安图生物,35.42,202.39865283,13.92,-0.812097451694201,0.1130582249858653,下降,35.85099999999999,37.145833333333336,55
sz.301099,雅创电子,42.56,62.42095469,10.88,-2.093397745571651,1.5267175572519098,下降,42.8645,45.415000000000006,55
sz.002327,富安娜,6.71,56.24627567,13.12,-0.8862629246676458,0.9022556390977385,下降,6.719999999999999,7.067166666666666,55
sz.000400,许继电气,25.71,261.88778022,10.08,-1.267281105990777,0.0778513040093405,下降,26.1755,26.362333333333332,55
sz.301665,泰禾股份,28.24,127.08,11.05,-0.9122807017543915,0.14184397163120266,下降,28.309500000000003,29.402833333333334,55
sz.002734,利民股份,15.94,74.77982666,12.14,-0.623441396508726,2.2450288646568293,下降,15.9525,17.243333333333332,55
sh.600310,广西能源,3.81,55.84357851,14.1,-1.8041237113402022,1.0610079575596827,下降,3.8340000000000005,3.9116666666666666,55
sz.002458,益生股份,8.38,92.71740228,11.26,-0.4750593824227927,1.5757575757575852,下降,8.44,8.689166666666667,55
sh.600268,国电南自,10.48,106.46325753,10.5,-1.2252591894439115,1.158301158301168,下降,10.621500000000001,11.273833333333334,55
sz.300545,联得装备,30.69,56.91809629,13.63,-2.4785510009532814,0.3597122302158371,下降,30.814500000000002,31.042666666666673,55
sz.002155,湖南黄金,21.09,329.56316254,14.16,-0.7996237064910711,1.7366136034732245,下降,21.258999999999997,21.45466666666666,55
sz.300623,捷捷微电,27.17,226.07611399,11.33,-0.5854372484449198,4.500000000000007,下降,27.254999999999995,27.923833333333338,55
sh.603233,大参林,17.62,200.6649991,14.85,0.1136363636363612,2.441860465116289,下降,17.789000000000005,17.94583333333333,55
sh.688301,奕瑞科技,101.11,213.79622444,10.49,-2.205242286488056,3.7344824048425167,下降,102.10249999999999,105.243,55
sz.002478,常宝股份,8.47,76.29811811,11.76,-3.4207525655644124,11.889035667107004,震荡,8.4905,7.692166666666666,55
sz.300953,震裕科技,168.02,291.47728363,11.38,5.573358466855171,14.47843564761191,震荡,151.606,154.29,55
sh.600985,淮北矿业,11.11,299.22104257,11.95,-1.2444444444444496,-2.2867194371152135,下降,11.2965,12.394833333333334,50
sz.301035,润丰股份,68.01,190.95233942,12.69,2.8895612708018317,-4.076163610719323,下降,70.4585,72.36833333333334,50
sh.688757,胜科纳米,26.31,106.11125197,14.4,-1.7550410754294337,-2.3747680890538057,下降,26.505000000000003,27.273999999999997,50
sh.605128,上海沿浦,36.86,77.82572703,11.35,-0.8340059187516876,-2.923360547800894,下降,37.515499999999996,38.153000000000006,50
sh.600398,海澜之家,6.05,290.56760291,12.47,-1.94489465153971,-0.8196721311475381,下降,6.1499999999999995,6.235,50
sh.600161,天坛生物,16.34,323.10249428,14.81,-1.5069318866787222,-1.9796040791841738,下降,16.450499999999995,17.585666666666665,50
sh.601083,锦江航运,11.16,144.423792,13.18,-0.4460303300624506,-1.8469656992084353,下降,11.3565,11.679666666666664,50
sz.002508,老板电器,19.35,182.84568025,14.44,-0.769230769230762,-0.6163328197226372,下降,19.536,19.646499999999996,50
sz.002468,申通快递,13.42,205.43365068,11.19,-0.2971768202080306,-4.2796005706134075,下降,14.021000000000004,14.681999999999999,50
sh.601811,新华文轩,13.42,165.5814622,11.13,-0.0744601638123588,-1.97224251278305,下降,13.481500000000002,13.984333333333332,50
sh.601518,吉林高速,2.82,53.31359937,10.39,-1.052631578947377,-2.0833333333333353,下降,2.8400000000000003,2.9185000000000003,50
sz.002901,大博医疗,47.37,196.12103999,12.83,-1.9660596026490125,-1.0444955086693126,下降,48.6235,49.470499999999994,50
sh.600182,S佳通,15.17,51.578,13.93,-1.1082138200782263,-1.172638436482083,下降,15.346,15.5345,50
sz.300206,理邦仪器,12.79,74.13894195,12.4,-0.7757951900698326,-1.615384615384622,下降,12.862,13.194999999999999,50
sh.603939,益丰药房,21.72,263.33152003,14.67,-1.137915339098771,-3.552397868561282,下降,22.0285,23.377000000000006,50
sz.002959,小熊电器,42.23,66.42209022,10.37,-0.7287259050305649,-1.1932615816565397,下降,42.778000000000006,44.84916666666667,50
sh.603383,顶点软件,36.11,74.1623782,13.09,-0.46857772877618986,-2.246886843530044,下降,36.447,37.63050000000001,50
sz.001206,依依股份,29.71,54.93195036,11.76,-2.5262467191601035,-0.8344459279038717,下降,30.422000000000004,30.852666666666668,50
sh.600131,国网信通,16.14,193.4145041,10.42,0.37313432835822313,-0.4318322023442337,下降,16.152499999999996,17.095999999999997,50
sz.002150,通润装备,20.1,72.5346294,12.29,-3.365384615384612,-3.1791907514450872,下降,20.213500000000003,20.332333333333327,50
sz.300357,我武生物,28.35,148.436064,13.89,0.42507970244421184,-4.577583305284414,下降,29.028000000000002,31.057999999999993,50
sh.603072,天和磁材,40.69,107.535532,10.79,-2.422062350119916,-1.9990366088632114,下降,40.985500000000016,44.33433333333334,50
sh.603395,红四方,29.23,75.998,11.39,-1.0159160176092132,-0.3409478349812406,下降,29.527000000000005,32.22833333333333,50
sh.688336,三生国健,59.57,367.41929689,13.47,-0.517702070808287,-4.366672017980412,下降,60.41249999999999,63.4105,50
sh.600720,中交设计,7.22,165.66979979,13.11,-1.5006821282401135,-2.695417789757415,下降,7.348999999999999,7.529166666666669,50
sh.688252,天德钰,21.17,86.58981789,13.43,-1.0285179990649782,-1.4890646812470767,下降,21.422000000000004,22.761000000000006,50
sz.002941,新疆交建,15.85,115.66556076,11.02,-3.9975772259236937,-0.3144654088050359,下降,16.212000000000003,17.0145,50
sz.300882,万胜智能,18.8,53.80582334,13.28,-2.083333333333326,-0.21231422505307404,下降,18.964500000000005,20.043333333333333,50
sh.600368,五洲交通,3.92,63.09843123,10.64,-2.4875621890547177,-0.7594936708860822,下降,3.961,4.1185,50
sh.603391,力聚热能,65.47,59.5777,18.53,-2.6323616894705473,-11.646423751686905,震荡,67.7645,61.662000000000006,50
sz.000899,赣能股份,9.9,96.59209824,14.32,-2.3668639053254457,-0.10090817356205638,下降,10.033000000000001,10.261999999999999,50
sh.600323,瀚蓝环境,28.6,233.18928376,13.05,-0.6254343293954124,-3.2148900169204713,下降,29.070000000000004,29.151999999999997,50
sz.300482,万孚生物,19.75,92.44676222,10.88,0.6113092205807489,-2.517275419545911,下降,19.816000000000003,20.86333333333333,50
sz.300406,九强生物,13.07,76.63053768,13.64,-1.2093726379440677,-3.967670830271853,下降,13.279499999999999,13.361166666666668,50
sh.603322,超讯通信,38.36,60.45029495,27.28,-0.6732263076126308,-25.831399845320956,下降,41.416500000000006,46.500166666666665,50
sz.300127,银河磁体,30.33,98.01029099,10.29,-1.812884428617683,-1.5259740259740338,下降,30.487000000000005,32.169666666666664,50
sz.301658,首航新能,28.56,117.77319616,10.43,-2.724795640326978,-1.039501039501042,下降,29.401999999999994,30.632833333333334,50
sh.600546,山煤国际,10.09,200.02982453,14.12,-1.368523949169116,-1.4648437500000036,下降,10.2205,10.724333333333332,50
sz.000791,甘肃能源,6.45,209.22766336,13.15,-1.3761467889908234,-1.526717557251903,下降,6.5905000000000005,6.787333333333334,50
sh.688621,阳光诺和,62.15,69.608,19.74,-2.0025228634500203,-10.588404546108482,震荡,66.56300000000002,63.028666666666666,50
sh.688349,三一重能,25.28,310.03498555,13.83,0.6369426751592362,-1.9394879751745537,下降,25.825,27.039666666666665,50
sz.300685,艾德生物,20.46,80.10829506,14.37,-0.09765624999999792,-3.7176470588235255,下降,20.5995,21.94466666666667,50
sh.603213,镇洋发展,13.13,58.03079453,10.62,-1.4264264264264228,-2.379182156133818,下降,13.1625,13.669166666666664,50
sz.301291,明阳电气,41.61,129.90642,14.86,-3.029596830575617,-3.3000232396002827,下降,42.8165,45.19883333333334,50
sh.600085,同仁堂,32.26,442.43630652,11.49,-0.6161429451632866,-1.5262515262515264,下降,32.321000000000005,33.39383333333333,50
sh.603053,成都燃气,9.6,85.33344,10.76,-0.8264462809917362,-0.9287925696594413,下降,9.749500000000001,10.260000000000002,50
sh.603323,苏农银行,5.05,101.93634257,11.67,0.0,-1.3671875000000056,下降,5.1,5.200500000000002,50
sh.605009,豪悦护理,30.9,66.45538164,11.65,-0.929785187560124,-0.5471515931767033,下降,31.561,32.40083333333334,50
sh.600908,无锡银行,5.93,130.14462451,10.62,0.16891891891891533,-0.33613445378152035,下降,5.940500000000002,6.034833333333335,50
sz.002948,青岛银行,4.48,260.75189164,11.51,0.0,-2.819956616052058,下降,4.5470000000000015,4.834166666666667,50
sh.600529,山东药玻,19.93,132.25829272,12.09,-0.3500000000000014,-1.4342235410484627,下降,20.168,20.584833333333336,50
sh.603866,桃李面包,5.26,84.14522755,10.22,-0.18975332068310793,-0.18975332068310793,下降,5.311000000000001,5.460166666666666,50
sh.600248,陕建股份,3.53,132.0126556,12.73,-0.8426966292134901,-3.021978021978031,下降,3.5760000000000005,3.7315,50
sz.300039,上海凯宝,6.03,63.0738,10.79,-0.16556291390728123,-2.741935483870966,下降,6.096500000000001,6.234666666666666,50
sz.002773,康弘药业,29.97,276.11988991,14.53,0.40201005025124775,-2.536585365853662,下降,30.43500000000001,31.416666666666668,50
sz.002437,誉衡药业,3.07,68.52326347,12.89,-0.32467532467533217,-1.2861736334405156,下降,3.1035,3.2209999999999996,50
sh.601598,中国外运,6.06,434.72932436,10.05,-1.1419249592169702,-3.961965134706815,下降,6.1825,6.273499999999999,50
sz.300820,英杰电气,47.95,106.58335015,14.22,-1.2968299711815467,-0.6835128417564174,下降,48.43700000000001,52.12466666666666,50
sh.603099,长白山,45.15,122.96867079,13.4,0.5567928730512249,-3.7928830172597507,下降,46.086,48.986000000000004,50
sh.600763,通策医疗,40.21,179.85495395,12.8,-0.8384710234278577,-0.5195447798119763,下降,40.658,41.995333333333335,50
sz.002154,报 喜 鸟,3.85,56.18434857,11.38,-0.7731958762886548,-3.0226700251889196,下降,3.909,4.024166666666668,50
sh.688123,聚辰股份,125.58,198.75677706,14.02,-1.6062054375930401,-3.4222871645005024,下降,127.1875,139.7868333333333,50
sz.002807,江阴银行,4.57,112.48565046,11.55,-0.21834061135370714,-1.9313304721030013,下降,4.6325,4.7585,50
sh.600664,哈药股份,3.45,86.88859072,12.48,-1.1461318051575942,-3.631284916201114,下降,3.5315000000000003,3.6358333333333333,50
sz.301458,钧崴电子,32.09,85.57334403,11.67,-1.2919101814826042,-1.5946028825513523,下降,32.41550000000001,34.01199999999999,50
sh.600060,海信视像,24.28,316.84726327,11.91,1.08243130724397,-2.0572811617587656,下降,24.475,24.882333333333335,50
sz.000513,丽珠集团,34.46,311.55300818,14.43,-0.49090384060064013,-1.6271767056808457,下降,34.792500000000004,35.92116666666667,50
sz.000661,长春高新,92.55,377.54618309,12.43,-0.7293789552719154,-1.553026273800668,下降,93.98949999999999,102.43466666666667,50
sh.600256,广汇能源,4.92,314.48654583,10.54,-0.6060606060606111,-2.1868787276342014,下降,4.9825,5.141833333333335,50
sh.601128,常熟银行,7.04,233.48288726,14.15,-0.283286118980164,-0.8450704225352058,下降,7.089999999999999,7.123500000000002,50
sh.603312,西典新能,46.8,74.879766,13.91,-2.9045643153527085,-2.153460171440521,下降,47.702999999999996,49.88666666666666,50
sh.603848,好太太,18.27,73.51966956,10.62,-0.3816793893129786,-1.615508885298873,下降,18.518499999999996,19.776,50
sh.601065,江盐集团,8.3,53.35041456,10.89,-0.3601440576230415,-0.7177033492822814,下降,8.319500000000001,8.5035,50
sz.002880,卫光生物,25.5,57.834,11.99,-0.5847953216374214,-0.7782101167315147,下降,25.738,26.58983333333333,50
sh.601952,苏垦农发,9.12,125.6736,10.85,-0.6535947712418355,-1.084598698481577,下降,9.153500000000001,9.262833333333333,50
sh.603707,健友股份,9.03,145.8918377,13.47,-0.5506607929515497,-2.588996763754048,下降,9.184000000000001,9.693166666666666,50
sh.601199,江南水务,5.57,52.09121326,10.37,-0.8896797153024879,-0.8896797153024879,下降,5.624499999999999,5.748,50
sh.600521,华海药业,16.97,254.08356971,13.24,-1.5089959373186392,-3.9615166949632306,下降,17.256999999999998,17.997333333333337,50
sz.300595,欧普康视,14.69,131.51797217,12.69,-1.2768817204301162,-2.3920265780730974,下降,14.911999999999997,15.765166666666667,50
sz.301379,天山电子,25.85,51.24605952,11.15,-2.2314674735249613,-3.183520599250928,下降,26.327000000000005,27.724833333333333,50
sz.001279,强邦新材,34.24,54.784,12.52,0.0,-2.505694760820033,下降,34.359500000000004,36.41216666666666,50
sh.600987,航民股份,6.89,70.33442035,11.45,-0.8633093525179927,-1.8518518518518503,下降,6.992499999999998,7.134833333333332,50
sh.601799,星宇股份,123.37,352.44269922,14.72,-0.4518679899943535,-0.9155891093084897,下降,124.3395,124.95316666666665,50
sz.002102,能特科技,3.33,82.43837211,13.29,-1.479289940828397,-4.857142857142855,下降,3.3735,3.6235000000000004,50
sh.600642,申能股份,7.78,380.75937545,11.33,-1.5189873417721533,-4.889975550122243,下降,7.99,8.179833333333333,50
sh.688799,华纳药厂,47.7,62.63964,11.01,-0.4383218534752531,-0.7903494176372619,下降,48.230000000000004,49.074999999999996,50
sh.600789,鲁抗医药,9.04,94.48515593,10.43,-0.7683863885839768,-3.4188034188034218,下降,9.1675,9.769166666666669,50
sz.002210,飞马国际,3.6,95.80437986,11.2,-1.6393442622950833,-2.1739130434782625,下降,3.6734999999999993,3.9238333333333335,50
sz.002550,千红制药,7.86,100.59228,14.73,-0.6321112515802758,-1.749999999999996,下降,7.9385,8.476333333333335,50
sh.605277,新亚电子,22.0,71.27732678,10.91,-2.4822695035460938,-2.091677792612367,下降,22.477000000000004,22.768666666666665,50
sh.603056,德邦股份,13.67,139.40876354,10.66,-0.43699927166788416,-0.7982583454281527,下降,13.875499999999999,14.464833333333331,50
sz.002950,奥美医疗,10.92,69.15258244,11.18,-1.4440433212996402,-2.933333333333334,下降,11.193499999999998,11.255833333333332,50
sh.600511,国药股份,28.75,216.91961193,12.24,0.17421602787456694,-0.5878284923928137,下降,28.877500000000005,29.274333333333335,50
sz.002608,江苏国信,7.39,279.20009013,10.66,-1.8592297476759703,-4.89060489060489,下降,7.674499999999997,7.965833333333333,50
sh.601933,永辉超市,4.69,425.61923497,11.68,-10.836501901140673,-15.495495495495486,震荡,5.268000000000001,4.744666666666668,40
sz.002512,达华智能,6.23,69.30854017,13.47,-2.656249999999999,-13.95027624309392,震荡,6.279999999999999,5.662833333333335,40
sz.300181,佐力药业,16.16,113.34419334,18.55,-1.463414634146332,-12.411924119241188,下降,16.906000000000002,17.326,40
sz.002222,福晶科技,56.34,264.93885,14.36,-2.525951557093415,-10.471952963610356,震荡,59.514999999999986,51.00950000000001,40
sh.600734,实达集团,4.6,100.20194288,12.28,-5.349794238683141,-19.156414762741665,震荡,5.0169999999999995,4.621166666666668,40
sz.002752,昇兴股份,6.64,64.86738628,12.99,-16.26733921815889,-14.100905562742572,震荡,7.564999999999998,6.7875,40
sh.603008,喜临门,20.48,75.42629069,10.27,-11.30359462970983,-10.52861511577108,震荡,21.959000000000003,19.933500000000002,40
sz.301584,建发致新,29.22,123.10050233,16.71,-6.466069142125479,-10.257985257985268,下降,31.396000000000008,32.71216666666667,40
sz.300209,有棵树,5.45,50.61066887,15.32,-1.2681159420289747,-11.382113821138214,下降,5.708999999999999,5.8041666666666645,40
sh.605056,咸亨国际,16.5,67.6965696,13.63,-0.9009009009008924,-12.234042553191493,下降,17.5445,17.64583333333333,30
sz.300850,新强联,41.37,171.30730994,12.07,-4.567474048442915,-10.878931495045247,下降,43.7125,46.686666666666675,30
sz.002402,和而泰,39.12,361.74040429,12.14,-1.5105740181268918,-11.21198365864731,下降,39.775999999999996,46.48233333333333,30
sh.600846,同济科技,13.15,82.15613935,10.25,-1.9388516032811318,-20.109356014580804,下降,14.044999999999998,14.954333333333333,30
sh.605580,恒盛能源,22.56,63.168,14.97,-3.2175032175032174,-33.86103781882146,下降,28.890499999999996,34.661500000000004,30
sz.301448,开创电气,49.84,52.13264,10.81,-6.157032573903212,-19.01202469938251,下降,55.5635,58.598166666666664,30
